#META,"{""n_anchors"": 6, ""radius"": 35.0, ""true_pos"": [8.0, 5.0], ""sigma_theta_deg"": 0.5, ""anchor_sigma"": 0.015, ""outlier_prob"": 0.1, ""outlier_scale_deg"": 10.0, ""seed"": 63}"
id,anchor_x,anchor_y,bearing,is_outlier,sigma_theta,Sxx,Sxy,Syy,true_x,true_y
0,35.01068014681169,0.03484206492631095,-0.18737267529893353,False,0.008726646259971648,0.000225,0.0,0.000225,8.0,5.0
1,17.47510336658161,30.3095796441541,1.1955592897941036,False,0.008726646259971648,0.000225,0.0,0.000225,8.0,5.0
2,-17.48150605562728,30.326921305272535,2.3570340975831634,False,0.008726646259971648,0.000225,0.0,0.000225,8.0,5.0
3,-34.9789013579118,0.003060570031547239,-3.026373671284468,False,0.008726646259971648,0.000225,0.0,0.000225,8.0,5.0
4,-17.48182150861483,-30.27471434156874,-2.186212355959064,False,0.008726646259971648,0.000225,0.0,0.000225,8.0,5.0
5,17.514057543946386,-30.290900183675543,-1.3107121164448572,False,0.008726646259971648,0.000225,0.0,0.000225,8.0,5.0
