#META,"{""n_anchors"": 6, ""radius"": 35.0, ""true_pos"": [8.0, 5.0], ""bearing_kappa"": 100.0, ""anchor_gnss_sigma"": 3.0, ""outlier_prob"": 0.1, ""outlier_kappa"": 2.0, ""outlier_scale_deg"": 180.0, ""marker_size"": 2.0, ""sigma_map"": 1.5}"
id,anchor_x,anchor_y,bearing,sigma_theta,Sxx,Sxy,Syx,Syy,true_x,true_y
0,37.969843298965195,10.848322333303706,1.3595913525557108,0.1,11.583333333333334,0.0,0.0,11.583333333333334,8.0,5.0
1,20.25560082787105,27.7242854851867,0.6158502071760172,0.1,11.583333333333334,0.0,0.0,11.583333333333334,8.0,5.0
2,-11.79301222103269,31.954178088318802,-0.799720616947889,0.1,11.583333333333334,0.0,0.0,11.583333333333334,8.0,5.0
3,-21.527596173360724,4.6539853167411795,-1.4508055400256374,0.1,11.583333333333334,0.0,0.0,11.583333333333334,8.0,5.0
4,-18.0038110576301,-29.58719438123799,-2.356745890064415,0.1,11.583333333333334,0.0,0.0,11.583333333333334,8.0,5.0
5,26.584724157151687,-35.48716519053222,2.8637976315815434,0.1,11.583333333333334,0.0,0.0,11.583333333333334,8.0,5.0
