#META,"{""n_anchors"": 6, ""radius"": 35.0, ""true_pos"": [8.0, 5.0], ""bearing_kappa"": 100.0, ""anchor_gnss_sigma"": 3.0, ""outlier_prob"": 0.1, ""outlier_kappa"": 2.0, ""outlier_scale_deg"": 180.0, ""marker_size"": 2.0, ""sigma_map"": 1.5}"
id,anchor_x,anchor_y,bearing,sigma_theta,Sxx,Sxy,Syx,Syy,true_x,true_y
0,42.80774993077657,-0.5772963265314086,1.5407340717819036,0.1,11.583333333333334,0.0,0.0,11.583333333333334,8.0,5.0
1,20.563706434299966,37.71972155683666,0.5956045575138882,0.1,11.583333333333334,0.0,0.0,11.583333333333334,8.0,5.0
2,-7.340993713931,33.505483160337654,-0.4422216992387291,0.1,11.583333333333334,0.0,0.0,11.583333333333334,8.0,5.0
3,-24.508944258860122,1.247166524092842,-1.5883937978812082,0.1,11.583333333333334,0.0,0.0,11.583333333333334,8.0,5.0
4,-18.305301043162373,-30.830717304358675,-2.497971448267453,0.1,11.583333333333334,0.0,0.0,11.583333333333334,8.0,5.0
5,25.397481024904398,-26.314343183884137,2.5210328316242254,0.1,11.583333333333334,0.0,0.0,11.583333333333334,8.0,5.0
