#META,"{""n_anchors"": 6, ""radius"": 35.0, ""true_pos"": [8.0, 5.0], ""bearing_kappa"": 100.0, ""anchor_gnss_sigma"": 3.0, ""outlier_prob"": 0.1, ""outlier_kappa"": 2.0, ""outlier_scale_deg"": 180.0, ""marker_size"": 2.0, ""sigma_map"": 1.5}"
id,anchor_x,anchor_y,bearing,sigma_theta,Sxx,Sxy,Syx,Syy,true_x,true_y
0,47.89863071512958,8.261831441585429,1.5249013805658933,0.1,11.583333333333334,0.0,0.0,11.583333333333334,8.0,5.0
1,15.588907620880253,30.65205360102209,0.43743565472997714,0.1,11.583333333333334,0.0,0.0,11.583333333333334,8.0,5.0
2,-8.959664417960868,31.32800214916226,-0.535335943926265,0.1,11.583333333333334,0.0,0.0,11.583333333333334,8.0,5.0
3,-26.67821936423383,8.204947212251128,-1.6545694649947187,0.1,11.583333333333334,0.0,0.0,11.583333333333334,8.0,5.0
4,-7.61862959627941,-30.939802470686374,-2.862542560427931,0.1,11.583333333333334,0.0,0.0,11.583333333333334,8.0,5.0
5,30.269514462820165,-30.86124284043791,2.6410784839479566,0.1,11.583333333333334,0.0,0.0,11.583333333333334,8.0,5.0
