#META,"{""n_anchors"": 6, ""radius"": 35.0, ""true_pos"": [8.0, 5.0], ""sigma_theta_deg"": 0.5, ""anchor_sigma"": 0.015, ""outlier_prob"": 0.1, ""outlier_scale_deg"": 10.0, ""seed"": 117}"
id,anchor_x,anchor_y,bearing,is_outlier,sigma_theta,Sxx,Sxy,Syy,true_x,true_y
0,34.999999423677636,0.01360988045202526,-0.18225158903332783,False,0.008726646259971648,0.000225,0.0,0.000225,8.0,5.0
1,17.47971281556046,30.334041293533687,0.9712861142862703,True,0.008726646259971648,0.000225,0.0,0.000225,8.0,5.0
2,-17.503489597470747,30.30313556706806,2.356056254013211,False,0.008726646259971648,0.000225,0.0,0.000225,8.0,5.0
3,-34.99061559695714,0.005329694919829207,-3.0195961710297547,False,0.008726646259971648,0.000225,0.0,0.000225,8.0,5.0
4,-17.511552682239483,-30.303471743531016,-2.20009866297092,False,0.008726646259971648,0.000225,0.0,0.000225,8.0,5.0
5,17.485080850027632,-30.29679615879913,-1.319866776123851,False,0.008726646259971648,0.000225,0.0,0.000225,8.0,5.0
