#META,"{""n_anchors"": 6, ""radius"": 35.0, ""true_pos"": [8.0, 5.0], ""bearing_kappa"": 100.0, ""anchor_gnss_sigma"": 3.0, ""outlier_prob"": 0.1, ""outlier_kappa"": 2.0, ""outlier_scale_deg"": 180.0, ""marker_size"": 2.0, ""sigma_map"": 1.5}"
id,anchor_x,anchor_y,bearing,sigma_theta,Sxx,Sxy,Syx,Syy,true_x,true_y
0,41.74432781566143,3.255167418320405,1.723190062048456,0.1,11.583333333333334,0.0,0.0,11.583333333333334,8.0,5.0
1,20.20959076025194,37.77761597693245,0.5261675402556705,0.1,11.583333333333334,0.0,0.0,11.583333333333334,8.0,5.0
2,-15.021986153051806,37.6607177166516,-0.7112986415063602,0.1,11.583333333333334,0.0,0.0,11.583333333333334,8.0,5.0
3,-29.60738047118721,5.980714384241321,-1.6392629517742376,0.1,11.583333333333334,0.0,0.0,11.583333333333334,8.0,5.0
4,-12.00687138077862,-31.083496929694675,-2.800888824004642,0.1,11.583333333333334,0.0,0.0,11.583333333333334,8.0,5.0
5,28.176886413739865,-33.574430057730765,2.6832152249601045,0.1,11.583333333333334,0.0,0.0,11.583333333333334,8.0,5.0
