#META,"{""n_anchors"": 6, ""radius"": 35.0, ""true_pos"": [8.0, 5.0], ""sigma_theta_deg"": 0.5, ""anchor_sigma"": 0.015, ""outlier_prob"": 0.1, ""outlier_scale_deg"": 10.0, ""seed"": 131}"
id,anchor_x,anchor_y,bearing,is_outlier,sigma_theta,Sxx,Sxy,Syy,true_x,true_y
0,34.998948143294825,0.01871815092647571,-0.1944857578050958,False,0.008726646259971648,0.000225,0.0,0.000225,8.0,5.0
1,17.490874154417238,30.30454124295896,1.211526650557099,False,0.008726646259971648,0.000225,0.0,0.000225,8.0,5.0
2,-17.47028288689599,30.32502966979507,2.382069202270708,False,0.008726646259971648,0.000225,0.0,0.000225,8.0,5.0
3,-35.004528924225376,0.01203892103979779,-2.7807187553120527,True,0.008726646259971648,0.000225,0.0,0.000225,8.0,5.0
4,-17.501283334916273,-30.309740649806486,-2.200632836226535,False,0.008726646259971648,0.000225,0.0,0.000225,8.0,5.0
5,17.506058552966703,-30.33011983156024,-1.3298767265513807,False,0.008726646259971648,0.000225,0.0,0.000225,8.0,5.0
