#META,"{""n_anchors"": 6, ""radius"": 35.0, ""true_pos"": [8.0, 5.0], ""bearing_kappa"": 100.0, ""anchor_gnss_sigma"": 3.0, ""outlier_prob"": 0.1, ""outlier_kappa"": 2.0, ""outlier_scale_deg"": 180.0, ""marker_size"": 2.0, ""sigma_map"": 1.5}"
id,anchor_x,anchor_y,bearing,sigma_theta,Sxx,Sxy,Syx,Syy,true_x,true_y
0,40.613011152833224,6.10520482790351,1.516269706129603,0.1,11.583333333333334,0.0,0.0,11.583333333333334,8.0,5.0
1,27.983507174220698,30.663478688601092,0.3718497597420263,0.1,11.583333333333334,0.0,0.0,11.583333333333334,8.0,5.0
2,-8.186713960440654,27.64735127680373,-0.4463822967891957,0.1,11.583333333333334,0.0,0.0,11.583333333333334,8.0,5.0
3,-33.76137265734399,5.340705157438421,-1.2945415305966854,0.1,11.583333333333334,0.0,0.0,11.583333333333334,8.0,5.0
4,-15.865496004558802,-29.31383162828685,-2.592697241569793,0.1,11.583333333333334,0.0,0.0,11.583333333333334,8.0,5.0
5,31.001462536479167,-25.070573959240207,2.6881298187941187,0.1,11.583333333333334,0.0,0.0,11.583333333333334,8.0,5.0
