#META,"{""n_anchors"": 6, ""radius"": 35.0, ""true_pos"": [8.0, 5.0], ""bearing_kappa"": 100.0, ""anchor_gnss_sigma"": 3.0, ""outlier_prob"": 0.1, ""outlier_kappa"": 2.0, ""outlier_scale_deg"": 180.0, ""marker_size"": 2.0, ""sigma_map"": 1.5}"
id,anchor_x,anchor_y,bearing,sigma_theta,Sxx,Sxy,Syx,Syy,true_x,true_y
0,52.712086762911696,6.362551344322308,1.0977535117095307,0.1,11.583333333333334,0.0,0.0,11.583333333333334,8.0,5.0
1,26.283564164309748,30.172049799686306,0.008185376653073728,0.1,11.583333333333334,0.0,0.0,11.583333333333334,8.0,5.0
2,-9.740866781356901,31.191330023365364,-0.6440413647537913,0.1,11.583333333333334,0.0,0.0,11.583333333333334,8.0,5.0
3,-19.479618346150904,5.189559051379785,-1.432518774044122,0.1,11.583333333333334,0.0,0.0,11.583333333333334,8.0,5.0
4,-12.527418289058653,-21.377239141531913,-2.439374460461611,0.1,11.583333333333334,0.0,0.0,11.583333333333334,8.0,5.0
5,26.77054392757664,-31.763026818143146,1.6257842313225046,0.1,11.583333333333334,0.0,0.0,11.583333333333334,8.0,5.0
