#META,"{""n_anchors"": 6, ""radius"": 35.0, ""true_pos"": [8.0, 5.0], ""sigma_theta_deg"": 0.5, ""anchor_sigma"": 0.015, ""outlier_prob"": 0.1, ""outlier_scale_deg"": 10.0, ""seed"": 112}"
id,anchor_x,anchor_y,bearing,is_outlier,sigma_theta,Sxx,Sxy,Syy,true_x,true_y
0,34.980045984491525,0.014075441266422833,-0.18624663717751355,False,0.008726646259971648,0.000225,0.0,0.000225,8.0,5.0
1,17.491347457518064,30.31410846968183,1.2047452376330323,False,0.008726646259971648,0.000225,0.0,0.000225,8.0,5.0
2,-17.514176748717432,30.344189559220563,2.351447148993776,False,0.008726646259971648,0.000225,0.0,0.000225,8.0,5.0
3,-35.01451977429708,0.0026246242384623726,-3.0268993865006206,False,0.008726646259971648,0.000225,0.0,0.000225,8.0,5.0
4,-17.50488072022069,-30.27826658356382,-2.209099848141744,False,0.008726646259971648,0.000225,0.0,0.000225,8.0,5.0
5,17.504510564067882,-30.326102118315923,-1.3015272307807153,False,0.008726646259971648,0.000225,0.0,0.000225,8.0,5.0
