#META,"{""n_anchors"": 6, ""radius"": 35.0, ""true_pos"": [8.0, 5.0], ""bearing_kappa"": 100.0, ""anchor_gnss_sigma"": 3.0, ""outlier_prob"": 0.1, ""outlier_kappa"": 2.0, ""outlier_scale_deg"": 180.0, ""marker_size"": 2.0, ""sigma_map"": 1.5}"
id,anchor_x,anchor_y,bearing,sigma_theta,Sxx,Sxy,Syx,Syy,true_x,true_y
0,44.187912368879196,4.729268179144291,1.6416938112834076,0.1,11.583333333333334,0.0,0.0,11.583333333333334,8.0,5.0
1,24.853329121198037,34.47422900229073,0.3790741397097359,0.1,11.583333333333334,0.0,0.0,11.583333333333334,8.0,5.0
2,-6.583865891032558,33.917243626902746,-0.6246567948009005,0.1,11.583333333333334,0.0,0.0,11.583333333333334,8.0,5.0
3,-29.34203677491243,3.1654825924400365,-1.6940926935761134,0.1,11.583333333333334,0.0,0.0,11.583333333333334,8.0,5.0
4,-5.953213135930036,-19.71932371650711,-2.398322785192182,0.1,11.583333333333334,0.0,0.0,11.583333333333334,8.0,5.0
5,23.462484418403324,-21.507902748534793,2.6201850224965195,0.1,11.583333333333334,0.0,0.0,11.583333333333334,8.0,5.0
