#META,"{""n_anchors"": 6, ""radius"": 35.0, ""true_pos"": [8.0, 5.0], ""sigma_theta_deg"": 0.5, ""anchor_sigma"": 0.015, ""outlier_prob"": 0.1, ""outlier_scale_deg"": 10.0, ""seed"": 138}"
id,anchor_x,anchor_y,bearing,is_outlier,sigma_theta,Sxx,Sxy,Syy,true_x,true_y
0,34.97493025869956,-0.009604527051410907,-0.1718488924350332,False,0.008726646259971648,0.000225,0.0,0.000225,8.0,5.0
1,17.479513619826722,30.294803773259027,1.2034351610326715,False,0.008726646259971648,0.000225,0.0,0.000225,8.0,5.0
2,-17.52010201081183,30.324534463163047,2.349368233656776,False,0.008726646259971648,0.000225,0.0,0.000225,8.0,5.0
3,-35.00563413179191,0.0060076178269581155,-3.0243910941663708,False,0.008726646259971648,0.000225,0.0,0.000225,8.0,5.0
4,-17.520120739205396,-30.31859644220202,-2.286012055573045,True,0.008726646259971648,0.000225,0.0,0.000225,8.0,5.0
5,17.52019591894483,-30.307756521208415,-1.311760593307337,False,0.008726646259971648,0.000225,0.0,0.000225,8.0,5.0
