#META,"{""n_anchors"": 6, ""radius"": 35.0, ""true_pos"": [8.0, 5.0], ""bearing_kappa"": 100.0, ""anchor_gnss_sigma"": 3.0, ""outlier_prob"": 0.1, ""outlier_kappa"": 2.0, ""outlier_scale_deg"": 180.0, ""marker_size"": 2.0, ""sigma_map"": 1.5}"
id,anchor_x,anchor_y,bearing,sigma_theta,Sxx,Sxy,Syx,Syy,true_x,true_y
0,44.89252663162587,4.691319306096554,1.620967564935647,0.1,11.583333333333334,0.0,0.0,11.583333333333334,8.0,5.0
1,22.383513319100828,32.69156255772902,0.4952088978506568,0.1,11.583333333333334,0.0,0.0,11.583333333333334,8.0,5.0
2,-6.675848011413681,37.94659420997729,-0.550232870719702,0.1,11.583333333333334,0.0,0.0,11.583333333333334,8.0,5.0
3,-23.41434604593501,-1.275989803120377,-1.6694992040675203,0.1,11.583333333333334,0.0,0.0,11.583333333333334,8.0,5.0
4,-8.900392913255523,-22.438925898905858,-2.6415951226747305,0.1,11.583333333333334,0.0,0.0,11.583333333333334,8.0,5.0
5,38.756827103452075,-28.495981045575252,2.5816138773238517,0.1,11.583333333333334,0.0,0.0,11.583333333333334,8.0,5.0
