#META,"{""n_anchors"": 6, ""radius"": 35.0, ""true_pos"": [8.0, 5.0], ""bearing_kappa"": 100.0, ""anchor_gnss_sigma"": 3.0, ""outlier_prob"": 0.1, ""outlier_kappa"": 2.0, ""outlier_scale_deg"": 180.0, ""marker_size"": 2.0, ""sigma_map"": 1.5}"
id,anchor_x,anchor_y,bearing,sigma_theta,Sxx,Sxy,Syx,Syy,true_x,true_y
0,45.576728432432006,8.539382598480266,1.5717392499393172,0.1,11.583333333333334,0.0,0.0,11.583333333333334,8.0,5.0
1,34.91601198366992,38.88607083779327,-1.6427210436621507,0.1,11.583333333333334,0.0,0.0,11.583333333333334,8.0,5.0
2,-3.4104233150688557,35.154202275409844,-0.43891891770764246,0.1,11.583333333333334,0.0,0.0,11.583333333333334,8.0,5.0
3,-29.162998156402253,0.10245110897709786,-1.6863838088917849,0.1,11.583333333333334,0.0,0.0,11.583333333333334,8.0,5.0
4,-6.512685652359569,-23.746045747702357,-2.732441835689613,0.1,11.583333333333334,0.0,0.0,11.583333333333334,8.0,5.0
5,22.54720280164693,-23.01106272002592,2.684947110312084,0.1,11.583333333333334,0.0,0.0,11.583333333333334,8.0,5.0
