#META,"{""n_anchors"": 6, ""radius"": 35.0, ""true_pos"": [8.0, 5.0], ""bearing_kappa"": 100.0, ""anchor_gnss_sigma"": 3.0, ""outlier_prob"": 0.1, ""outlier_kappa"": 2.0, ""outlier_scale_deg"": 180.0, ""marker_size"": 2.0, ""sigma_map"": 1.5}"
id,anchor_x,anchor_y,bearing,sigma_theta,Sxx,Sxy,Syx,Syy,true_x,true_y
0,50.29733718810936,-3.3033630322605148,1.6779719623293294,0.1,11.583333333333334,0.0,0.0,11.583333333333334,8.0,5.0
1,23.278571467849318,31.635190784549298,-1.3869718186928204,0.1,11.583333333333334,0.0,0.0,11.583333333333334,8.0,5.0
2,-14.311940739072067,25.98754191103613,-0.342046366090889,0.1,11.583333333333334,0.0,0.0,11.583333333333334,8.0,5.0
3,-24.23007228096653,2.331659315324305,-1.311795493661105,0.1,11.583333333333334,0.0,0.0,11.583333333333334,8.0,5.0
4,-2.952526621706764,-21.631459137717066,-2.7601739317836884,0.1,11.583333333333334,0.0,0.0,11.583333333333334,8.0,5.0
5,27.51579799537159,-19.905348967390168,2.637742668005453,0.1,11.583333333333334,0.0,0.0,11.583333333333334,8.0,5.0
