#META,"{""n_anchors"": 6, ""radius"": 35.0, ""true_pos"": [8.0, 5.0], ""bearing_kappa"": 100.0, ""anchor_gnss_sigma"": 3.0, ""outlier_prob"": 0.1, ""outlier_kappa"": 2.0, ""outlier_scale_deg"": 180.0, ""marker_size"": 2.0, ""sigma_map"": 1.5}"
id,anchor_x,anchor_y,bearing,sigma_theta,Sxx,Sxy,Syx,Syy,true_x,true_y
0,44.329419061383376,-2.0473757968961985,1.5072319381402703,0.1,11.583333333333334,0.0,0.0,11.583333333333334,8.0,5.0
1,26.699632846142663,37.86078845540222,0.5441731026943035,0.1,11.583333333333334,0.0,0.0,11.583333333333334,8.0,5.0
2,-8.712061934149158,36.650865298789434,-0.6675034288031796,0.1,11.583333333333334,0.0,0.0,11.583333333333334,8.0,5.0
3,-29.022324210599507,3.715503254496767,-1.5268770453411395,0.1,11.583333333333334,0.0,0.0,11.583333333333334,8.0,5.0
4,-6.585122324895584,-24.463265358390306,-2.558362978759364,0.1,11.583333333333334,0.0,0.0,11.583333333333334,8.0,5.0
5,29.328820262457313,-33.26677788736535,2.5382825296669846,0.1,11.583333333333334,0.0,0.0,11.583333333333334,8.0,5.0
