#META,"{""n_anchors"": 6, ""radius"": 35.0, ""true_pos"": [8.0, 5.0], ""bearing_kappa"": 100.0, ""anchor_gnss_sigma"": 3.0, ""outlier_prob"": 0.1, ""outlier_kappa"": 2.0, ""outlier_scale_deg"": 180.0, ""marker_size"": 2.0, ""sigma_map"": 1.5}"
id,anchor_x,anchor_y,bearing,sigma_theta,Sxx,Sxy,Syx,Syy,true_x,true_y
0,42.51385764907459,6.5938448346108265,1.3228306604006805,0.1,11.583333333333334,0.0,0.0,11.583333333333334,8.0,5.0
1,31.41827678480212,42.558308749384786,0.3654608671219606,0.1,11.583333333333334,0.0,0.0,11.583333333333334,8.0,5.0
2,-10.116030103927358,37.74639202762635,-0.7042047162689506,0.1,11.583333333333334,0.0,0.0,11.583333333333334,8.0,5.0
3,-29.075892045857575,9.286655570005838,-1.5178887144446698,0.1,11.583333333333334,0.0,0.0,11.583333333333334,8.0,5.0
4,-10.594849018711683,-23.24407004963991,-2.6787998379377314,0.1,11.583333333333334,0.0,0.0,11.583333333333334,8.0,5.0
5,17.64998953075691,-23.894596307557265,-1.3274672055762622,0.1,11.583333333333334,0.0,0.0,11.583333333333334,8.0,5.0
