#META,"{""n_anchors"": 6, ""radius"": 35.0, ""true_pos"": [8.0, 5.0], ""bearing_kappa"": 100.0, ""anchor_gnss_sigma"": 3.0, ""outlier_prob"": 0.1, ""outlier_kappa"": 2.0, ""outlier_scale_deg"": 180.0, ""marker_size"": 2.0, ""sigma_map"": 1.5}"
id,anchor_x,anchor_y,bearing,sigma_theta,Sxx,Sxy,Syx,Syy,true_x,true_y
0,41.829348395596746,7.833924987866336,1.4102906585656418,0.1,11.583333333333334,0.0,0.0,11.583333333333334,8.0,5.0
1,29.119643576273976,37.44151323093038,0.6186304528987643,0.1,11.583333333333334,0.0,0.0,11.583333333333334,8.0,5.0
2,-6.2340211833469725,31.902632809033207,-0.4739009618370318,0.1,11.583333333333334,0.0,0.0,11.583333333333334,8.0,5.0
3,-30.76819990642758,4.304633330878998,-1.5612251824460994,0.1,11.583333333333334,0.0,0.0,11.583333333333334,8.0,5.0
4,-6.949110272638239,-26.402873900439616,-2.5760244488576296,0.1,11.583333333333334,0.0,0.0,11.583333333333334,8.0,5.0
5,26.288557483612532,-19.495764716889685,2.570183694341175,0.1,11.583333333333334,0.0,0.0,11.583333333333334,8.0,5.0
