#META,"{""n_anchors"": 6, ""radius"": 35.0, ""true_pos"": [8.0, 5.0], ""bearing_kappa"": 100.0, ""anchor_gnss_sigma"": 3.0, ""outlier_prob"": 0.1, ""outlier_kappa"": 2.0, ""outlier_scale_deg"": 180.0, ""marker_size"": 2.0, ""sigma_map"": 1.5}"
id,anchor_x,anchor_y,bearing,sigma_theta,Sxx,Sxy,Syx,Syy,true_x,true_y
0,50.337589234545355,6.924123486097792,1.6804397326390514,0.1,11.583333333333334,0.0,0.0,11.583333333333334,8.0,5.0
1,28.79567199821483,31.553865173022576,0.5620209335341442,0.1,11.583333333333334,0.0,0.0,11.583333333333334,8.0,5.0
2,-5.514364800799733,30.57674450473019,-0.5261908400487236,0.1,11.583333333333334,0.0,0.0,11.583333333333334,8.0,5.0
3,-17.81230472347308,10.04620016946496,-1.3505029110122244,0.1,11.583333333333334,0.0,0.0,11.583333333333334,8.0,5.0
4,-8.914019165731924,-29.669831519886777,-2.7594406958300857,0.1,11.583333333333334,0.0,0.0,11.583333333333334,8.0,5.0
5,22.691889105878523,-25.29617921027435,2.6955197185192956,0.1,11.583333333333334,0.0,0.0,11.583333333333334,8.0,5.0
