#META,"{""n_anchors"": 6, ""radius"": 35.0, ""true_pos"": [8.0, 5.0], ""sigma_theta_deg"": 0.5, ""anchor_sigma"": 0.015, ""outlier_prob"": 0.1, ""outlier_scale_deg"": 10.0, ""seed"": 76}"
id,anchor_x,anchor_y,bearing,is_outlier,sigma_theta,Sxx,Sxy,Syy,true_x,true_y
0,34.991439695186976,0.026262444964693682,-0.1793530317476355,False,0.008726646259971648,0.000225,0.0,0.000225,8.0,5.0
1,17.514702281495513,30.31849272934977,1.2047489944501715,False,0.008726646259971648,0.000225,0.0,0.000225,8.0,5.0
2,-17.48390388448516,30.287424718141413,2.3708932407309717,False,0.008726646259971648,0.000225,0.0,0.000225,8.0,5.0
3,-34.990568521675996,0.021509808621038882,-3.0266350840239715,False,0.008726646259971648,0.000225,0.0,0.000225,8.0,5.0
4,-17.479153950978414,-30.334285239577223,-2.1967349750785474,False,0.008726646259971648,0.000225,0.0,0.000225,8.0,5.0
5,17.486629176740855,-30.30406175518351,-1.312086897336485,False,0.008726646259971648,0.000225,0.0,0.000225,8.0,5.0
