#META,"{""n_anchors"": 6, ""radius"": 35.0, ""true_pos"": [8.0, 5.0], ""sigma_theta_deg"": 0.5, ""anchor_sigma"": 0.015, ""outlier_prob"": 0.1, ""outlier_scale_deg"": 10.0, ""seed"": 94}"
id,anchor_x,anchor_y,bearing,is_outlier,sigma_theta,Sxx,Sxy,Syy,true_x,true_y
0,35.015185297491676,0.007706451120661236,-0.19357212877220809,False,0.008726646259971648,0.000225,0.0,0.000225,8.0,5.0
1,17.490052671462905,30.313566837390816,1.2100200611248546,False,0.008726646259971648,0.000225,0.0,0.000225,8.0,5.0
2,-17.496106078393368,30.308959674227268,2.3628873091372586,False,0.008726646259971648,0.000225,0.0,0.000225,8.0,5.0
3,-34.992200082593506,-0.0026057100357358867,-3.0300801295115254,False,0.008726646259971648,0.000225,0.0,0.000225,8.0,5.0
4,-17.507982592617505,-30.327762237397017,-2.1972437647194227,False,0.008726646259971648,0.000225,0.0,0.000225,8.0,5.0
5,17.472126508071955,-30.305271620939727,-1.3111687377265326,False,0.008726646259971648,0.000225,0.0,0.000225,8.0,5.0
