#META,"{""n_anchors"": 6, ""radius"": 35.0, ""true_pos"": [8.0, 5.0], ""sigma_theta_deg"": 0.5, ""anchor_sigma"": 0.015, ""outlier_prob"": 0.1, ""outlier_scale_deg"": 10.0, ""seed"": 141}"
id,anchor_x,anchor_y,bearing,is_outlier,sigma_theta,Sxx,Sxy,Syy,true_x,true_y
0,34.982723398278004,0.026646358258130023,-0.17151426413818838,False,0.008726646259971648,0.000225,0.0,0.000225,8.0,5.0
1,17.4996642143101,30.302869021666684,1.1984540014699254,False,0.008726646259971648,0.000225,0.0,0.000225,8.0,5.0
2,-17.50827586075647,30.30071911945955,2.3698224926795444,False,0.008726646259971648,0.000225,0.0,0.000225,8.0,5.0
3,-34.9973439064307,0.015819115589290337,-3.026732941701137,False,0.008726646259971648,0.000225,0.0,0.000225,8.0,5.0
4,-17.507863869090915,-30.31790558593115,-2.1998050456079064,False,0.008726646259971648,0.000225,0.0,0.000225,8.0,5.0
5,17.508767824736424,-30.310152594556975,-1.3247042660361628,False,0.008726646259971648,0.000225,0.0,0.000225,8.0,5.0
