#META,"{""n_anchors"": 6, ""radius"": 35.0, ""true_pos"": [8.0, 5.0], ""bearing_kappa"": 100.0, ""anchor_gnss_sigma"": 3.0, ""outlier_prob"": 0.1, ""outlier_kappa"": 2.0, ""outlier_scale_deg"": 180.0, ""marker_size"": 2.0, ""sigma_map"": 1.5}"
id,anchor_x,anchor_y,bearing,sigma_theta,Sxx,Sxy,Syx,Syy,true_x,true_y
0,42.579918024205014,7.384741507568008,0.07751228267633614,0.1,11.583333333333334,0.0,0.0,11.583333333333334,8.0,5.0
1,21.157920170573068,27.60613921338881,0.5833501623356789,0.1,11.583333333333334,0.0,0.0,11.583333333333334,8.0,5.0
2,-7.784602339350694,28.995076606639866,-0.6701312992979265,0.1,11.583333333333334,0.0,0.0,11.583333333333334,8.0,5.0
3,-21.509692344568897,-1.288634149636347,-1.545693831883101,0.1,11.583333333333334,0.0,0.0,11.583333333333334,8.0,5.0
4,-7.571601263396216,-22.322091780596338,-2.5832923756054527,0.1,11.583333333333334,0.0,0.0,11.583333333333334,8.0,5.0
5,28.45644288502032,-33.75959970017079,2.616950873157762,0.1,11.583333333333334,0.0,0.0,11.583333333333334,8.0,5.0
