#META,"{""n_anchors"": 6, ""radius"": 35.0, ""true_pos"": [8.0, 5.0], ""bearing_kappa"": 100.0, ""anchor_gnss_sigma"": 3.0, ""outlier_prob"": 0.1, ""outlier_kappa"": 2.0, ""outlier_scale_deg"": 180.0, ""marker_size"": 2.0, ""sigma_map"": 1.5}"
id,anchor_x,anchor_y,bearing,sigma_theta,Sxx,Sxy,Syx,Syy,true_x,true_y
0,50.673984329925226,5.606871459541264,1.3224186975679144,0.1,11.583333333333334,0.0,0.0,11.583333333333334,8.0,5.0
1,30.010096744778654,32.75081825328753,0.4081609611078645,0.1,11.583333333333334,0.0,0.0,11.583333333333334,8.0,5.0
2,-7.786924839769743,31.129971119334137,-0.6501088904831889,0.1,11.583333333333334,0.0,0.0,11.583333333333334,8.0,5.0
3,-30.241923138260557,11.320603048265733,1.2828148459460778,0.1,11.583333333333334,0.0,0.0,11.583333333333334,8.0,5.0
4,-0.1333545433110226,-25.146877059239383,-2.8146996868724683,0.1,11.583333333333334,0.0,0.0,11.583333333333334,8.0,5.0
5,32.697396213123845,-33.832971488286105,2.658881585486588,0.1,11.583333333333334,0.0,0.0,11.583333333333334,8.0,5.0
