#META,"{""n_anchors"": 6, ""radius"": 35.0, ""true_pos"": [8.0, 5.0], ""bearing_kappa"": 100.0, ""anchor_gnss_sigma"": 3.0, ""outlier_prob"": 0.1, ""outlier_kappa"": 2.0, ""outlier_scale_deg"": 180.0, ""marker_size"": 2.0, ""sigma_map"": 1.5}"
id,anchor_x,anchor_y,bearing,sigma_theta,Sxx,Sxy,Syx,Syy,true_x,true_y
0,49.75217398757533,5.35029965243645,1.5314795817446525,0.1,11.583333333333334,0.0,0.0,11.583333333333334,8.0,5.0
1,29.05447953864934,40.65118743094227,0.4771719438608599,0.1,11.583333333333334,0.0,0.0,11.583333333333334,8.0,5.0
2,-7.4408498349310515,33.86926790962209,-0.7535641648739748,0.1,11.583333333333334,0.0,0.0,11.583333333333334,8.0,5.0
3,-28.187610862198415,10.549598704509469,-1.4665447501848963,0.1,11.583333333333334,0.0,0.0,11.583333333333334,8.0,5.0
4,-8.957982706309641,-31.17612963885867,-2.6837014885342523,0.1,11.583333333333334,0.0,0.0,11.583333333333334,8.0,5.0
5,23.79530390412562,-23.431628915217438,2.5515985603853384,0.1,11.583333333333334,0.0,0.0,11.583333333333334,8.0,5.0
