#META,"{""n_anchors"": 6, ""radius"": 35.0, ""true_pos"": [8.0, 5.0], ""sigma_theta_deg"": 0.5, ""anchor_sigma"": 0.015, ""outlier_prob"": 0.1, ""outlier_scale_deg"": 10.0, ""seed"": 132}"
id,anchor_x,anchor_y,bearing,is_outlier,sigma_theta,Sxx,Sxy,Syy,true_x,true_y
0,35.00412667221508,0.0033417665237878156,-0.17187438193838833,False,0.008726646259971648,0.000225,0.0,0.000225,8.0,5.0
1,17.47502394367196,30.30842031786684,1.1346403191019583,True,0.008726646259971648,0.000225,0.0,0.000225,8.0,5.0
2,-17.483085665434626,30.291796117569362,2.342298467883321,False,0.008726646259971648,0.000225,0.0,0.000225,8.0,5.0
3,-34.99049873082307,-0.014533091910633171,-3.035981836505488,False,0.008726646259971648,0.000225,0.0,0.000225,8.0,5.0
4,-17.517226662746268,-30.29914609722147,-2.197662272589231,False,0.008726646259971648,0.000225,0.0,0.000225,8.0,5.0
5,17.47257103587644,-30.321250459061574,-1.2988738542547906,False,0.008726646259971648,0.000225,0.0,0.000225,8.0,5.0
