#META,"{""n_anchors"": 6, ""radius"": 35.0, ""true_pos"": [8.0, 5.0], ""sigma_theta_deg"": 0.5, ""anchor_sigma"": 0.015, ""outlier_prob"": 0.1, ""outlier_scale_deg"": 10.0, ""seed"": 108}"
id,anchor_x,anchor_y,bearing,is_outlier,sigma_theta,Sxx,Sxy,Syy,true_x,true_y
0,35.04387226086718,0.0007705456517523346,-0.18793801978641822,False,0.008726646259971648,0.000225,0.0,0.000225,8.0,5.0
1,17.530200148014004,30.293080968358876,1.2342456640272657,True,0.008726646259971648,0.000225,0.0,0.000225,8.0,5.0
2,-17.489814421153145,30.32726311977544,2.3814745300350424,False,0.008726646259971648,0.000225,0.0,0.000225,8.0,5.0
3,-35.02863934542559,-0.0036026080912811556,-3.0123992506678885,False,0.008726646259971648,0.000225,0.0,0.000225,8.0,5.0
4,-17.489552499519302,-30.273201867604527,-2.2099605431873948,False,0.008726646259971648,0.000225,0.0,0.000225,8.0,5.0
5,17.494841812435162,-30.296858574629873,-1.3184339860570171,False,0.008726646259971648,0.000225,0.0,0.000225,8.0,5.0
