#META,"{""n_anchors"": 6, ""radius"": 35.0, ""true_pos"": [8.0, 5.0], ""bearing_kappa"": 100.0, ""anchor_gnss_sigma"": 3.0, ""outlier_prob"": 0.1, ""outlier_kappa"": 2.0, ""outlier_scale_deg"": 180.0, ""marker_size"": 2.0, ""sigma_map"": 1.5}"
id,anchor_x,anchor_y,bearing,sigma_theta,Sxx,Sxy,Syx,Syy,true_x,true_y
0,48.21771860854621,6.16954862343921,1.5511934382516905,0.1,11.583333333333334,0.0,0.0,11.583333333333334,8.0,5.0
1,21.25738280910585,29.256681820451085,0.4506347228188359,0.1,11.583333333333334,0.0,0.0,11.583333333333334,8.0,5.0
2,-5.005237724512469,41.524552710691125,-0.49950807492353455,0.1,11.583333333333334,0.0,0.0,11.583333333333334,8.0,5.0
3,-22.82790467467584,3.9676218512178836,-1.6399428269526393,0.1,11.583333333333334,0.0,0.0,11.583333333333334,8.0,5.0
4,-17.57012082088479,-29.36734854163401,-2.593336174977166,0.1,11.583333333333334,0.0,0.0,11.583333333333334,8.0,5.0
5,28.469793798569828,-22.578067917048514,2.6873277569811123,0.1,11.583333333333334,0.0,0.0,11.583333333333334,8.0,5.0
