#META,"{""n_anchors"": 6, ""radius"": 35.0, ""true_pos"": [8.0, 5.0], ""bearing_kappa"": 100.0, ""anchor_gnss_sigma"": 3.0, ""outlier_prob"": 0.1, ""outlier_kappa"": 2.0, ""outlier_scale_deg"": 180.0, ""marker_size"": 2.0, ""sigma_map"": 1.5}"
id,anchor_x,anchor_y,bearing,sigma_theta,Sxx,Sxy,Syx,Syy,true_x,true_y
0,43.364807310829455,3.2747990548181405,1.500523569704744,0.1,11.583333333333334,0.0,0.0,11.583333333333334,8.0,5.0
1,21.215742019749996,30.57833160710666,0.5322953434840971,0.1,11.583333333333334,0.0,0.0,11.583333333333334,8.0,5.0
2,-7.916629463698253,39.248476523619345,-2.437337555751224,0.1,11.583333333333334,0.0,0.0,11.583333333333334,8.0,5.0
3,-17.234841168282127,0.8720662301434405,-1.466484645675143,0.1,11.583333333333334,0.0,0.0,11.583333333333334,8.0,5.0
4,-12.779693766718259,-28.888068052877728,-2.627201801194129,0.1,11.583333333333334,0.0,0.0,11.583333333333334,8.0,5.0
5,25.13688794924396,-32.20424906140803,2.6406144243905096,0.1,11.583333333333334,0.0,0.0,11.583333333333334,8.0,5.0
