#META,"{""n_anchors"": 6, ""radius"": 35.0, ""true_pos"": [8.0, 5.0], ""bearing_kappa"": 100.0, ""anchor_gnss_sigma"": 3.0, ""outlier_prob"": 0.1, ""outlier_kappa"": 2.0, ""outlier_scale_deg"": 180.0, ""marker_size"": 2.0, ""sigma_map"": 1.5}"
id,anchor_x,anchor_y,bearing,sigma_theta,Sxx,Sxy,Syx,Syy,true_x,true_y
0,39.78157569977096,3.7762400840371844,1.8534602446895079,0.1,11.583333333333334,0.0,0.0,11.583333333333334,8.0,5.0
1,32.3465226241336,36.43511903370396,0.498240696692962,0.1,11.583333333333334,0.0,0.0,11.583333333333334,8.0,5.0
2,-15.797671062477043,35.599038817650715,-0.6728578047593725,0.1,11.583333333333334,0.0,0.0,11.583333333333334,8.0,5.0
3,-36.68310614478269,3.289914967197625,-1.7147454580519206,0.1,11.583333333333334,0.0,0.0,11.583333333333334,8.0,5.0
4,-3.3599418168424395,-24.927966702430425,-0.6862139552790687,0.1,11.583333333333334,0.0,0.0,11.583333333333334,8.0,5.0
5,29.22130694811198,-20.49910602334997,2.6523271010978675,0.1,11.583333333333334,0.0,0.0,11.583333333333334,8.0,5.0
