#META,"{""n_anchors"": 6, ""radius"": 35.0, ""true_pos"": [8.0, 5.0], ""sigma_theta_deg"": 0.5, ""anchor_sigma"": 0.015, ""outlier_prob"": 0.1, ""outlier_scale_deg"": 10.0, ""seed"": 78}"
id,anchor_x,anchor_y,bearing,is_outlier,sigma_theta,Sxx,Sxy,Syy,true_x,true_y
0,34.98985177107842,0.005933557917988784,-0.1806357438210151,False,0.008726646259971648,0.000225,0.0,0.000225,8.0,5.0
1,17.494275651217027,30.294480554921954,1.2217034972256648,False,0.008726646259971648,0.000225,0.0,0.000225,8.0,5.0
2,-17.48935032354304,30.305737317381137,2.374595277049422,False,0.008726646259971648,0.000225,0.0,0.000225,8.0,5.0
3,-34.999303819315735,0.010837521553438163,-3.0172562432445305,False,0.008726646259971648,0.000225,0.0,0.000225,8.0,5.0
4,-17.462048051317254,-30.318094411353925,-2.191068976962837,False,0.008726646259971648,0.000225,0.0,0.000225,8.0,5.0
5,17.507948800731814,-30.29756262462106,-1.2953546877703526,False,0.008726646259971648,0.000225,0.0,0.000225,8.0,5.0
