#META,"{""n_anchors"": 6, ""radius"": 35.0, ""true_pos"": [8.0, 5.0], ""sigma_theta_deg"": 0.5, ""anchor_sigma"": 0.015, ""outlier_prob"": 0.1, ""outlier_scale_deg"": 10.0, ""seed"": 52}"
id,anchor_x,anchor_y,bearing,is_outlier,sigma_theta,Sxx,Sxy,Syy,true_x,true_y
0,34.98761074661077,0.0036375855167940794,-0.1716030018077448,False,0.008726646259971648,0.000225,0.0,0.000225,8.0,5.0
1,17.499042233752892,30.309473676865156,1.104604698147038,True,0.008726646259971648,0.000225,0.0,0.000225,8.0,5.0
2,-17.495148217749517,30.320878454953753,2.3712284004868565,False,0.008726646259971648,0.000225,0.0,0.000225,8.0,5.0
3,-34.99715761948571,0.0026754664319940504,-3.0318299191202285,False,0.008726646259971648,0.000225,0.0,0.000225,8.0,5.0
4,-17.517059844526756,-30.302218275282026,-2.205727156732783,False,0.008726646259971648,0.000225,0.0,0.000225,8.0,5.0
5,17.49511731285147,-30.2960395640312,-1.3100319737529402,False,0.008726646259971648,0.000225,0.0,0.000225,8.0,5.0
