#META,"{""n_anchors"": 6, ""radius"": 35.0, ""true_pos"": [8.0, 5.0], ""sigma_theta_deg"": 0.5, ""anchor_sigma"": 0.015, ""outlier_prob"": 0.1, ""outlier_scale_deg"": 10.0, ""seed"": 51}"
id,anchor_x,anchor_y,bearing,is_outlier,sigma_theta,Sxx,Sxy,Syy,true_x,true_y
0,34.99137333754534,-0.00933148974929216,-0.18099683320045123,False,0.008726646259971648,0.000225,0.0,0.000225,8.0,5.0
1,17.501203821928957,30.329676217701024,1.2281945333655502,False,0.008726646259971648,0.000225,0.0,0.000225,8.0,5.0
2,-17.504858449322096,30.294364476103944,2.3586678554974414,False,0.008726646259971648,0.000225,0.0,0.000225,8.0,5.0
3,-35.011981026591826,0.02666176668167595,-3.039965344105824,False,0.008726646259971648,0.000225,0.0,0.000225,8.0,5.0
4,-17.505256147923674,-30.328643508418118,-2.182930350110263,False,0.008726646259971648,0.000225,0.0,0.000225,8.0,5.0
5,17.495465660681514,-30.306415034806324,-1.5057299892964573,True,0.008726646259971648,0.000225,0.0,0.000225,8.0,5.0
