#META,"{""n_anchors"": 6, ""radius"": 35.0, ""true_pos"": [8.0, 5.0], ""bearing_kappa"": 100.0, ""anchor_gnss_sigma"": 3.0, ""outlier_prob"": 0.1, ""outlier_kappa"": 2.0, ""outlier_scale_deg"": 180.0, ""marker_size"": 2.0, ""sigma_map"": 1.5}"
id,anchor_x,anchor_y,bearing,sigma_theta,Sxx,Sxy,Syx,Syy,true_x,true_y
0,41.93628574800045,2.398820342581746,2.754556726975051,0.1,11.583333333333334,0.0,0.0,11.583333333333334,8.0,5.0
1,21.936921810015196,29.566738646577804,0.4786494458662105,0.1,11.583333333333334,0.0,0.0,11.583333333333334,8.0,5.0
2,-16.51118276998187,34.86541705955615,-0.7785428926937623,0.1,11.583333333333334,0.0,0.0,11.583333333333334,8.0,5.0
3,-20.93050365670945,7.308207071125646,-1.703662683805483,0.1,11.583333333333334,0.0,0.0,11.583333333333334,8.0,5.0
4,-8.919552761727285,-17.763772685643662,-2.557497223246621,0.1,11.583333333333334,0.0,0.0,11.583333333333334,8.0,5.0
5,23.29151940042612,-25.724815855611784,2.570909593735893,0.1,11.583333333333334,0.0,0.0,11.583333333333334,8.0,5.0
