#META,"{""n_anchors"": 6, ""radius"": 35.0, ""true_pos"": [8.0, 5.0], ""sigma_theta_deg"": 0.5, ""anchor_sigma"": 0.015, ""outlier_prob"": 0.1, ""outlier_scale_deg"": 10.0, ""seed"": 100}"
id,anchor_x,anchor_y,bearing,is_outlier,sigma_theta,Sxx,Sxy,Syy,true_x,true_y
0,34.9826367552932,0.004346337034916271,-0.18265829842067705,False,0.008726646259971648,0.000225,0.0,0.000225,8.0,5.0
1,17.51171281103838,30.31904873712598,1.2267433133189298,False,0.008726646259971648,0.000225,0.0,0.000225,8.0,5.0
2,-17.514420739618675,30.32695426243938,2.348205678294299,False,0.008726646259971648,0.000225,0.0,0.000225,8.0,5.0
3,-34.98947816509834,0.010574601826486577,-3.0232068875945766,False,0.008726646259971648,0.000225,0.0,0.000225,8.0,5.0
4,-17.488824060960088,-30.29432392387976,-2.202266731180114,False,0.008726646259971648,0.000225,0.0,0.000225,8.0,5.0
5,17.533644585935996,-30.32006152929621,-1.3073306221097394,False,0.008726646259971648,0.000225,0.0,0.000225,8.0,5.0
