#META,"{""n_anchors"": 6, ""radius"": 35.0, ""true_pos"": [8.0, 5.0], ""sigma_theta_deg"": 0.5, ""anchor_sigma"": 0.015, ""outlier_prob"": 0.1, ""outlier_scale_deg"": 10.0, ""seed"": 115}"
id,anchor_x,anchor_y,bearing,is_outlier,sigma_theta,Sxx,Sxy,Syy,true_x,true_y
0,35.015403329108636,-0.029448029762286075,-0.20677089743038257,False,0.008726646259971648,0.000225,0.0,0.000225,8.0,5.0
1,17.489112637788825,30.32475960189798,1.2116990075758167,False,0.008726646259971648,0.000225,0.0,0.000225,8.0,5.0
2,-17.499819053848434,30.297407367758233,2.3555850180189646,False,0.008726646259971648,0.000225,0.0,0.000225,8.0,5.0
3,-34.99997426270557,-0.0034370860446828163,-3.0303992666369166,False,0.008726646259971648,0.000225,0.0,0.000225,8.0,5.0
4,-17.510372250727603,-30.324364015293163,-2.1958971227548876,False,0.008726646259971648,0.000225,0.0,0.000225,8.0,5.0
5,17.504782201199827,-30.317854245073814,-1.3134492804413012,False,0.008726646259971648,0.000225,0.0,0.000225,8.0,5.0
