#META,"{""n_anchors"": 6, ""radius"": 35.0, ""true_pos"": [8.0, 5.0], ""bearing_kappa"": 100.0, ""anchor_gnss_sigma"": 3.0, ""outlier_prob"": 0.1, ""outlier_kappa"": 2.0, ""outlier_scale_deg"": 180.0, ""marker_size"": 2.0, ""sigma_map"": 1.5}"
id,anchor_x,anchor_y,bearing,sigma_theta,Sxx,Sxy,Syx,Syy,true_x,true_y
0,49.23610262833934,6.61428964726109,1.5710212853303558,0.1,11.583333333333334,0.0,0.0,11.583333333333334,8.0,5.0
1,23.120925391351943,34.615534977062154,0.4889262176741407,0.1,11.583333333333334,0.0,0.0,11.583333333333334,8.0,5.0
2,-10.579444296830092,36.46793712573256,-0.5117626148811318,0.1,11.583333333333334,0.0,0.0,11.583333333333334,8.0,5.0
3,-33.01579742875653,7.476865309530464,-1.5711551437962257,0.1,11.583333333333334,0.0,0.0,11.583333333333334,8.0,5.0
4,-3.733396178802322,-21.218984786717787,-2.636012274278663,0.1,11.583333333333334,0.0,0.0,11.583333333333334,8.0,5.0
5,33.904457983194554,-28.23289628096326,2.802157078521182,0.1,11.583333333333334,0.0,0.0,11.583333333333334,8.0,5.0
