#META,"{""n_anchors"": 6, ""radius"": 35.0, ""true_pos"": [8.0, 5.0], ""sigma_theta_deg"": 0.5, ""anchor_sigma"": 0.015, ""outlier_prob"": 0.1, ""outlier_scale_deg"": 10.0, ""seed"": 107}"
id,anchor_x,anchor_y,bearing,is_outlier,sigma_theta,Sxx,Sxy,Syy,true_x,true_y
0,35.00569503462329,-0.02831399080755331,-0.18699472869600253,False,0.008726646259971648,0.000225,0.0,0.000225,8.0,5.0
1,17.499337630090327,30.33757602219643,1.1946983239534834,False,0.008726646259971648,0.000225,0.0,0.000225,8.0,5.0
2,-17.5225514204111,30.31987797609441,2.3456753531485575,False,0.008726646259971648,0.000225,0.0,0.000225,8.0,5.0
3,-35.00887984176582,0.023810867846374206,-3.0222275797193094,False,0.008726646259971648,0.000225,0.0,0.000225,8.0,5.0
4,-17.50665458397983,-30.319998284457853,-2.191878809388995,False,0.008726646259971648,0.000225,0.0,0.000225,8.0,5.0
5,17.525602559606966,-30.291111055649104,-1.3196624208605383,False,0.008726646259971648,0.000225,0.0,0.000225,8.0,5.0
