#META,"{""n_anchors"": 6, ""radius"": 35.0, ""true_pos"": [8.0, 5.0], ""sigma_theta_deg"": 0.5, ""anchor_sigma"": 0.015, ""outlier_prob"": 0.1, ""outlier_scale_deg"": 10.0, ""seed"": 139}"
id,anchor_x,anchor_y,bearing,is_outlier,sigma_theta,Sxx,Sxy,Syy,true_x,true_y
0,34.98691542129874,-0.022734407457517015,-0.15845650610007755,True,0.008726646259971648,0.000225,0.0,0.000225,8.0,5.0
1,17.495997698588326,30.29681254358051,1.223907563047006,False,0.008726646259971648,0.000225,0.0,0.000225,8.0,5.0
2,-17.493175688388284,30.326116679604358,2.305422926134467,True,0.008726646259971648,0.000225,0.0,0.000225,8.0,5.0
3,-35.00247697177076,-0.03411081081309694,-3.021036705442068,False,0.008726646259971648,0.000225,0.0,0.000225,8.0,5.0
4,-17.525702448911794,-30.30952776466144,-2.198560132244099,False,0.008726646259971648,0.000225,0.0,0.000225,8.0,5.0
5,17.521324623957263,-30.310808368340712,-1.299174268568367,False,0.008726646259971648,0.000225,0.0,0.000225,8.0,5.0
