#META,"{""n_anchors"": 6, ""radius"": 35.0, ""true_pos"": [8.0, 5.0], ""sigma_theta_deg"": 0.5, ""anchor_sigma"": 0.015, ""outlier_prob"": 0.1, ""outlier_scale_deg"": 10.0, ""seed"": 91}"
id,anchor_x,anchor_y,bearing,is_outlier,sigma_theta,Sxx,Sxy,Syy,true_x,true_y
0,35.001840612980104,0.010867320009298412,-0.18202212824325636,False,0.008726646259971648,0.000225,0.0,0.000225,8.0,5.0
1,17.48031813648381,30.30326084013124,1.224611484798599,False,0.008726646259971648,0.000225,0.0,0.000225,8.0,5.0
2,-17.49101272243284,30.30765518643395,2.352528253521055,False,0.008726646259971648,0.000225,0.0,0.000225,8.0,5.0
3,-35.00456426189691,-0.0036231888954536984,-3.0205406922021907,False,0.008726646259971648,0.000225,0.0,0.000225,8.0,5.0
4,-17.50931373007765,-30.3197739786733,-2.1886801907757776,False,0.008726646259971648,0.000225,0.0,0.000225,8.0,5.0
5,17.509886080767572,-30.299785544493712,-1.2915106924853001,False,0.008726646259971648,0.000225,0.0,0.000225,8.0,5.0
