#META,"{""n_anchors"": 6, ""radius"": 35.0, ""true_pos"": [8.0, 5.0], ""sigma_theta_deg"": 0.5, ""anchor_sigma"": 0.015, ""outlier_prob"": 0.1, ""outlier_scale_deg"": 10.0, ""seed"": 120}"
id,anchor_x,anchor_y,bearing,is_outlier,sigma_theta,Sxx,Sxy,Syy,true_x,true_y
0,34.99053287636352,0.013937062514606939,-0.1795726892081526,False,0.008726646259971648,0.000225,0.0,0.000225,8.0,5.0
1,17.500507217742754,30.300148648327916,1.203997397343291,False,0.008726646259971648,0.000225,0.0,0.000225,8.0,5.0
2,-17.473670180790773,30.296655848813735,2.3542953468181143,False,0.008726646259971648,0.000225,0.0,0.000225,8.0,5.0
3,-35.006285923463956,0.021697093281792045,-3.0151285133678223,False,0.008726646259971648,0.000225,0.0,0.000225,8.0,5.0
4,-17.51162605225744,-30.308616393870956,-2.195772546075186,False,0.008726646259971648,0.000225,0.0,0.000225,8.0,5.0
5,17.491415334395466,-30.293200193882377,-1.2950348834178456,False,0.008726646259971648,0.000225,0.0,0.000225,8.0,5.0
