#META,"{""n_anchors"": 6, ""radius"": 35.0, ""true_pos"": [8.0, 5.0], ""sigma_theta_deg"": 0.5, ""anchor_sigma"": 0.015, ""outlier_prob"": 0.1, ""outlier_scale_deg"": 10.0, ""seed"": 70}"
id,anchor_x,anchor_y,bearing,is_outlier,sigma_theta,Sxx,Sxy,Syy,true_x,true_y
0,34.99875115498093,-0.015176559915674565,0.06750378492213915,True,0.008726646259971648,0.000225,0.0,0.000225,8.0,5.0
1,17.513595186221686,30.30421006600018,1.323363286685023,True,0.008726646259971648,0.000225,0.0,0.000225,8.0,5.0
2,-17.47893581731116,30.288922410975058,2.3690247482139943,False,0.008726646259971648,0.000225,0.0,0.000225,8.0,5.0
3,-34.99305905308749,-0.00028857339119434686,-3.030724373111106,False,0.008726646259971648,0.000225,0.0,0.000225,8.0,5.0
4,-17.489173199924263,-30.323376912800978,-2.1825898418460623,False,0.008726646259971648,0.000225,0.0,0.000225,8.0,5.0
5,17.504082342700645,-30.288132115952997,-1.312120290211472,False,0.008726646259971648,0.000225,0.0,0.000225,8.0,5.0
