#META,"{""n_anchors"": 6, ""radius"": 35.0, ""true_pos"": [8.0, 5.0], ""bearing_kappa"": 100.0, ""anchor_gnss_sigma"": 3.0, ""outlier_prob"": 0.1, ""outlier_kappa"": 2.0, ""outlier_scale_deg"": 180.0, ""marker_size"": 2.0, ""sigma_map"": 1.5}"
id,anchor_x,anchor_y,bearing,sigma_theta,Sxx,Sxy,Syx,Syy,true_x,true_y
0,50.28331897423383,6.622815186072194,1.5142134904915006,0.1,11.583333333333334,0.0,0.0,11.583333333333334,8.0,5.0
1,29.980988115703955,29.935148180623344,0.581726037472019,0.1,11.583333333333334,0.0,0.0,11.583333333333334,8.0,5.0
2,-11.250937948664394,31.429236206102583,1.9111198917869423,0.1,11.583333333333334,0.0,0.0,11.583333333333334,8.0,5.0
3,-21.215696462802658,1.9661659501493038,-1.622784812911199,0.1,11.583333333333334,0.0,0.0,11.583333333333334,8.0,5.0
4,-20.231283382728,-29.62921506815743,-2.5306950524021836,0.1,11.583333333333334,0.0,0.0,11.583333333333334,8.0,5.0
5,20.651576275919915,-25.117697676991156,2.6356457305258063,0.1,11.583333333333334,0.0,0.0,11.583333333333334,8.0,5.0
