#META,"{""n_anchors"": 6, ""radius"": 35.0, ""true_pos"": [8.0, 5.0], ""bearing_kappa"": 100.0, ""anchor_gnss_sigma"": 3.0, ""outlier_prob"": 0.1, ""outlier_kappa"": 2.0, ""outlier_scale_deg"": 180.0, ""marker_size"": 2.0, ""sigma_map"": 1.5}"
id,anchor_x,anchor_y,bearing,sigma_theta,Sxx,Sxy,Syx,Syy,true_x,true_y
0,48.04866385641029,4.801232200993194,1.5398976885045679,0.1,11.583333333333334,0.0,0.0,11.583333333333334,8.0,5.0
1,25.135995734700057,38.34057488282286,0.4889108588717832,0.1,11.583333333333334,0.0,0.0,11.583333333333334,8.0,5.0
2,-4.991934358915655,26.31422819982546,-0.573034340324245,0.1,11.583333333333334,0.0,0.0,11.583333333333334,8.0,5.0
3,-31.39122173028362,9.184112721843812,-1.4804142953587274,0.1,11.583333333333334,0.0,0.0,11.583333333333334,8.0,5.0
4,-11.551724789807794,-29.33826860462774,2.2200378006040147,0.1,11.583333333333334,0.0,0.0,11.583333333333334,8.0,5.0
5,21.23659554441227,-17.069778513095493,2.566517086591759,0.1,11.583333333333334,0.0,0.0,11.583333333333334,8.0,5.0
