#META,"{""n_anchors"": 6, ""radius"": 35.0, ""true_pos"": [8.0, 5.0], ""bearing_kappa"": 100.0, ""anchor_gnss_sigma"": 3.0, ""outlier_prob"": 0.1, ""outlier_kappa"": 2.0, ""outlier_scale_deg"": 180.0, ""marker_size"": 2.0, ""sigma_map"": 1.5}"
id,anchor_x,anchor_y,bearing,sigma_theta,Sxx,Sxy,Syx,Syy,true_x,true_y
0,43.91655710850895,6.728996694962458,1.5069628574962195,0.1,11.583333333333334,0.0,0.0,11.583333333333334,8.0,5.0
1,37.29678677959605,39.3651508785276,0.6691113326073244,0.1,11.583333333333334,0.0,0.0,11.583333333333334,8.0,5.0
2,-7.104463524617273,38.48032403924062,-1.3115771281003923,0.1,11.583333333333334,0.0,0.0,11.583333333333334,8.0,5.0
3,-27.042079289724132,12.061543836537389,-1.676616817854426,0.1,11.583333333333334,0.0,0.0,11.583333333333334,8.0,5.0
4,-7.991428374431517,-29.846321000582563,-2.6528143646141142,0.1,11.583333333333334,0.0,0.0,11.583333333333334,8.0,5.0
5,26.87221262055511,-21.208826186560525,2.5014324659818,0.1,11.583333333333334,0.0,0.0,11.583333333333334,8.0,5.0
