#META,"{""n_anchors"": 6, ""radius"": 35.0, ""true_pos"": [8.0, 5.0], ""sigma_theta_deg"": 0.5, ""anchor_sigma"": 0.015, ""outlier_prob"": 0.1, ""outlier_scale_deg"": 10.0, ""seed"": 102}"
id,anchor_x,anchor_y,bearing,is_outlier,sigma_theta,Sxx,Sxy,Syy,true_x,true_y
0,35.00938594097386,0.03246488038428999,-0.1844689989997983,False,0.008726646259971648,0.000225,0.0,0.000225,8.0,5.0
1,17.514333108380438,30.294685646109983,1.205759375356938,False,0.008726646259971648,0.000225,0.0,0.000225,8.0,5.0
2,-17.508905126910626,30.32380741829039,2.3566157049188536,False,0.008726646259971648,0.000225,0.0,0.000225,8.0,5.0
3,-35.00065901635113,0.017887297066236537,-3.0175553173860914,False,0.008726646259971648,0.000225,0.0,0.000225,8.0,5.0
4,-17.529133492890583,-30.279195330064596,-2.2014511002371524,False,0.008726646259971648,0.000225,0.0,0.000225,8.0,5.0
5,17.528274739108095,-30.332612122581875,-0.8978958980703262,True,0.008726646259971648,0.000225,0.0,0.000225,8.0,5.0
