#META,"{""n_anchors"": 6, ""radius"": 35.0, ""true_pos"": [8.0, 5.0], ""bearing_kappa"": 100.0, ""anchor_gnss_sigma"": 3.0, ""outlier_prob"": 0.1, ""outlier_kappa"": 2.0, ""outlier_scale_deg"": 180.0, ""marker_size"": 2.0, ""sigma_map"": 1.5}"
id,anchor_x,anchor_y,bearing,sigma_theta,Sxx,Sxy,Syx,Syy,true_x,true_y
0,48.76270639236733,0.8482058802031603,1.871576083684194,0.1,11.583333333333334,0.0,0.0,11.583333333333334,8.0,5.0
1,22.46560114660398,41.47728229189736,0.5579497861108411,0.1,11.583333333333334,0.0,0.0,11.583333333333334,8.0,5.0
2,-12.545808025047691,39.241424921145075,-0.4628088428176813,0.1,11.583333333333334,0.0,0.0,11.583333333333334,8.0,5.0
3,-27.06473163049236,8.994183122523886,-1.5535943632165603,0.1,11.583333333333334,0.0,0.0,11.583333333333334,8.0,5.0
4,-7.487076616503209,-28.06175101136177,-2.598786681025059,0.1,11.583333333333334,0.0,0.0,11.583333333333334,8.0,5.0
5,27.087720532476467,-23.525521716444093,2.6251524460630975,0.1,11.583333333333334,0.0,0.0,11.583333333333334,8.0,5.0
