#META,"{""n_anchors"": 6, ""radius"": 35.0, ""true_pos"": [8.0, 5.0], ""sigma_theta_deg"": 0.5, ""anchor_sigma"": 0.015, ""outlier_prob"": 0.1, ""outlier_scale_deg"": 10.0, ""seed"": 62}"
id,anchor_x,anchor_y,bearing,is_outlier,sigma_theta,Sxx,Sxy,Syy,true_x,true_y
0,34.984666142820686,-0.02212223217730003,-0.17223550549434652,False,0.008726646259971648,0.000225,0.0,0.000225,8.0,5.0
1,17.49295986962234,30.30449410322881,1.2027716591718942,False,0.008726646259971648,0.000225,0.0,0.000225,8.0,5.0
2,-17.513765309971177,30.306518046137786,2.3597145405635622,False,0.008726646259971648,0.000225,0.0,0.000225,8.0,5.0
3,-35.00369721519343,-0.030889091572812246,2.993607211554501,True,0.008726646259971648,0.000225,0.0,0.000225,8.0,5.0
4,-17.51789540198582,-30.31403493729146,-2.200051861078332,False,0.008726646259971648,0.000225,0.0,0.000225,8.0,5.0
5,17.484179808079176,-30.316471496420817,-1.3095491009309561,False,0.008726646259971648,0.000225,0.0,0.000225,8.0,5.0
