#META,"{""n_anchors"": 6, ""radius"": 35.0, ""true_pos"": [8.0, 5.0], ""bearing_kappa"": 100.0, ""anchor_gnss_sigma"": 3.0, ""outlier_prob"": 0.1, ""outlier_kappa"": 2.0, ""outlier_scale_deg"": 180.0, ""marker_size"": 2.0, ""sigma_map"": 1.5}"
id,anchor_x,anchor_y,bearing,sigma_theta,Sxx,Sxy,Syx,Syy,true_x,true_y
0,50.21317411629882,2.4194822859592877,1.6760146195805472,0.1,11.583333333333334,0.0,0.0,11.583333333333334,8.0,5.0
1,30.120623210151383,35.86414024402628,0.5091734602546638,0.1,11.583333333333334,0.0,0.0,11.583333333333334,8.0,5.0
2,-12.374834224204172,31.25030896582974,-0.5069324290481774,0.1,11.583333333333334,0.0,0.0,11.583333333333334,8.0,5.0
3,-32.357723166814225,6.795464031588624,-1.5804102182189421,0.1,11.583333333333334,0.0,0.0,11.583333333333334,8.0,5.0
4,1.2042234719893639,-26.90560359793547,-2.817682259611111,0.1,11.583333333333334,0.0,0.0,11.583333333333334,8.0,5.0
5,25.64346554021064,-27.356591493909796,2.6712895863546287,0.1,11.583333333333334,0.0,0.0,11.583333333333334,8.0,5.0
