#META,"{""n_anchors"": 6, ""radius"": 35.0, ""true_pos"": [8.0, 5.0], ""bearing_kappa"": 100.0, ""anchor_gnss_sigma"": 3.0, ""outlier_prob"": 0.1, ""outlier_kappa"": 2.0, ""outlier_scale_deg"": 180.0, ""marker_size"": 2.0, ""sigma_map"": 1.5}"
id,anchor_x,anchor_y,bearing,sigma_theta,Sxx,Sxy,Syx,Syy,true_x,true_y
0,37.9817048018658,3.358605605334694,1.6568259062033999,0.1,11.583333333333334,0.0,0.0,11.583333333333334,8.0,5.0
1,27.566060705050567,30.551852928301045,0.5912349607832494,0.1,11.583333333333334,0.0,0.0,11.583333333333334,8.0,5.0
2,-6.83377407383909,35.8889354431208,-0.34261565508916725,0.1,11.583333333333334,0.0,0.0,11.583333333333334,8.0,5.0
3,-31.62696472288047,15.515872276884565,-1.4002698411022614,0.1,11.583333333333334,0.0,0.0,11.583333333333334,8.0,5.0
4,-8.107975650742189,-20.086043437215494,-2.738598605553044,0.1,11.583333333333334,0.0,0.0,11.583333333333334,8.0,5.0
5,21.377790092940394,-26.960929381979362,2.561987705188205,0.1,11.583333333333334,0.0,0.0,11.583333333333334,8.0,5.0
