#META,"{""n_anchors"": 6, ""radius"": 35.0, ""true_pos"": [8.0, 5.0], ""bearing_kappa"": 100.0, ""anchor_gnss_sigma"": 3.0, ""outlier_prob"": 0.1, ""outlier_kappa"": 2.0, ""outlier_scale_deg"": 180.0, ""marker_size"": 2.0, ""sigma_map"": 1.5}"
id,anchor_x,anchor_y,bearing,sigma_theta,Sxx,Sxy,Syx,Syy,true_x,true_y
0,39.420557526333724,5.928326198758421,1.715415911145043,0.1,11.583333333333334,0.0,0.0,11.583333333333334,8.0,5.0
1,27.912004866411994,32.23850673416894,0.5555709341220751,0.1,11.583333333333334,0.0,0.0,11.583333333333334,8.0,5.0
2,-8.045600737291768,27.127360307295497,-0.5974788030307661,0.1,11.583333333333334,0.0,0.0,11.583333333333334,8.0,5.0
3,-32.06938096955017,5.232687110367408,-1.7049767380444596,0.1,11.583333333333334,0.0,0.0,11.583333333333334,8.0,5.0
4,-10.14199160317873,-26.541328609574077,-2.614238241341985,0.1,11.583333333333334,0.0,0.0,11.583333333333334,8.0,5.0
5,22.125104274679956,-21.559023467769606,-2.161437034245921,0.1,11.583333333333334,0.0,0.0,11.583333333333334,8.0,5.0
