#META,"{""n_anchors"": 6, ""radius"": 35.0, ""true_pos"": [8.0, 5.0], ""bearing_kappa"": 100.0, ""anchor_gnss_sigma"": 3.0, ""outlier_prob"": 0.1, ""outlier_kappa"": 2.0, ""outlier_scale_deg"": 180.0, ""marker_size"": 2.0, ""sigma_map"": 1.5}"
id,anchor_x,anchor_y,bearing,sigma_theta,Sxx,Sxy,Syx,Syy,true_x,true_y
0,42.1760844055739,2.8908019673175405,1.506111980977976,0.1,11.583333333333334,0.0,0.0,11.583333333333334,8.0,5.0
1,29.77982691920689,39.22225673630658,0.5189634010103354,0.1,11.583333333333334,0.0,0.0,11.583333333333334,8.0,5.0
2,-7.582083668231852,40.286235592535206,-0.4503487294032027,0.1,11.583333333333334,0.0,0.0,11.583333333333334,8.0,5.0
3,-27.279146168501406,13.645863929125682,-1.6988011925807411,0.1,11.583333333333334,0.0,0.0,11.583333333333334,8.0,5.0
4,-9.46862029631384,-29.165707202752486,-2.7596276292163537,0.1,11.583333333333334,0.0,0.0,11.583333333333334,8.0,5.0
5,22.94431340603509,-23.83795800943307,2.666116317843189,0.1,11.583333333333334,0.0,0.0,11.583333333333334,8.0,5.0
