#META,"{""n_anchors"": 6, ""radius"": 35.0, ""true_pos"": [8.0, 5.0], ""bearing_kappa"": 100.0, ""anchor_gnss_sigma"": 3.0, ""outlier_prob"": 0.1, ""outlier_kappa"": 2.0, ""outlier_scale_deg"": 180.0, ""marker_size"": 2.0, ""sigma_map"": 1.5}"
id,anchor_x,anchor_y,bearing,sigma_theta,Sxx,Sxy,Syx,Syy,true_x,true_y
0,41.147417657467,2.3479682248585476,1.5517825161446126,0.1,11.583333333333334,0.0,0.0,11.583333333333334,8.0,5.0
1,18.45944872974067,41.568751429165424,0.3816145433383986,0.1,11.583333333333334,0.0,0.0,11.583333333333334,8.0,5.0
2,-7.32052791030363,34.31836003575743,-0.7916460013553106,0.1,11.583333333333334,0.0,0.0,11.583333333333334,8.0,5.0
3,-29.909489859508785,4.463831412387927,-1.5807326071274748,0.1,11.583333333333334,0.0,0.0,11.583333333333334,8.0,5.0
4,-10.754922536760404,-28.844322852684208,-2.6340928774986336,0.1,11.583333333333334,0.0,0.0,11.583333333333334,8.0,5.0
5,26.120435417059934,-20.222027823515162,2.673588660105432,0.1,11.583333333333334,0.0,0.0,11.583333333333334,8.0,5.0
