#META,"{""n_anchors"": 6, ""radius"": 35.0, ""true_pos"": [8.0, 5.0], ""sigma_theta_deg"": 0.5, ""anchor_sigma"": 0.015, ""outlier_prob"": 0.1, ""outlier_scale_deg"": 10.0, ""seed"": 59}"
id,anchor_x,anchor_y,bearing,is_outlier,sigma_theta,Sxx,Sxy,Syy,true_x,true_y
0,34.98489506431536,0.024034928938210874,-0.1727311136753915,False,0.008726646259971648,0.000225,0.0,0.000225,8.0,5.0
1,17.528825817587574,30.310645815303914,1.2110933870450955,False,0.008726646259971648,0.000225,0.0,0.000225,8.0,5.0
2,-17.514049891922458,30.302025947142134,2.3543633373282216,False,0.008726646259971648,0.000225,0.0,0.000225,8.0,5.0
3,-35.00142120035165,-0.01633981426327914,-3.013962839695672,False,0.008726646259971648,0.000225,0.0,0.000225,8.0,5.0
4,-17.467521228775844,-30.30710444126435,-2.200213409956206,False,0.008726646259971648,0.000225,0.0,0.000225,8.0,5.0
5,17.51523770821284,-30.302638701073146,-1.315086065801454,False,0.008726646259971648,0.000225,0.0,0.000225,8.0,5.0
