#META,"{""n_anchors"": 6, ""radius"": 35.0, ""true_pos"": [8.0, 5.0], ""bearing_kappa"": 100.0, ""anchor_gnss_sigma"": 3.0, ""outlier_prob"": 0.1, ""outlier_kappa"": 2.0, ""outlier_scale_deg"": 180.0, ""marker_size"": 2.0, ""sigma_map"": 1.5}"
id,anchor_x,anchor_y,bearing,sigma_theta,Sxx,Sxy,Syx,Syy,true_x,true_y
0,55.93928354559366,8.7784902490333,1.5661349149587132,0.1,11.583333333333334,0.0,0.0,11.583333333333334,8.0,5.0
1,25.38663434816789,29.289689171115246,0.674971137008296,0.1,11.583333333333334,0.0,0.0,11.583333333333334,8.0,5.0
2,-10.53183090526096,35.00710563050043,-2.936245609845403,0.1,11.583333333333334,0.0,0.0,11.583333333333334,8.0,5.0
3,-22.974506006866072,-4.635281410367998,-1.5156275506825132,0.1,11.583333333333334,0.0,0.0,11.583333333333334,8.0,5.0
4,-8.054358813432236,-29.316310786926007,2.9672570505223224,0.1,11.583333333333334,0.0,0.0,11.583333333333334,8.0,5.0
5,27.66531022109944,-21.567134622246403,2.52917789298621,0.1,11.583333333333334,0.0,0.0,11.583333333333334,8.0,5.0
