#META,"{""n_anchors"": 6, ""radius"": 35.0, ""true_pos"": [8.0, 5.0], ""sigma_theta_deg"": 0.5, ""anchor_sigma"": 0.015, ""outlier_prob"": 0.1, ""outlier_scale_deg"": 10.0, ""seed"": 140}"
id,anchor_x,anchor_y,bearing,is_outlier,sigma_theta,Sxx,Sxy,Syy,true_x,true_y
0,34.98235899040083,0.026998539854776713,-0.1850612124797384,False,0.008726646259971648,0.000225,0.0,0.000225,8.0,5.0
1,17.48227696371445,30.347978622339586,1.1840767615631371,True,0.008726646259971648,0.000225,0.0,0.000225,8.0,5.0
2,-17.525034282230656,30.317364731033823,2.3746428545160736,False,0.008726646259971648,0.000225,0.0,0.000225,8.0,5.0
3,-35.0128201121384,-0.02084938171539289,-3.039496490861182,False,0.008726646259971648,0.000225,0.0,0.000225,8.0,5.0
4,-17.51265430653714,-30.35267869180089,-2.1891406778828446,False,0.008726646259971648,0.000225,0.0,0.000225,8.0,5.0
5,17.517900251923106,-30.303419221650895,-1.3092676761912116,False,0.008726646259971648,0.000225,0.0,0.000225,8.0,5.0
