#META,"{""n_anchors"": 6, ""radius"": 35.0, ""true_pos"": [8.0, 5.0], ""bearing_kappa"": 100.0, ""anchor_gnss_sigma"": 3.0, ""outlier_prob"": 0.1, ""outlier_kappa"": 2.0, ""outlier_scale_deg"": 180.0, ""marker_size"": 2.0, ""sigma_map"": 1.5}"
id,anchor_x,anchor_y,bearing,sigma_theta,Sxx,Sxy,Syx,Syy,true_x,true_y
0,43.86392842906226,7.810150911036047,1.239019580600134,0.1,11.583333333333334,0.0,0.0,11.583333333333334,8.0,5.0
1,27.685276565535737,34.474439542918155,0.429528840707305,0.1,11.583333333333334,0.0,0.0,11.583333333333334,8.0,5.0
2,-11.849399351708549,37.50057407512858,-0.5805217190511947,0.1,11.583333333333334,0.0,0.0,11.583333333333334,8.0,5.0
3,-34.330604238973834,10.007587216243472,-1.5230154382281755,0.1,11.583333333333334,0.0,0.0,11.583333333333334,8.0,5.0
4,-15.576117773279147,-27.043668716810647,-2.496245119373585,0.1,11.583333333333334,0.0,0.0,11.583333333333334,8.0,5.0
5,25.546101406866452,-28.720728656461947,2.3829099587368656,0.1,11.583333333333334,0.0,0.0,11.583333333333334,8.0,5.0
