#META,"{""n_anchors"": 6, ""radius"": 35.0, ""true_pos"": [8.0, 5.0], ""sigma_theta_deg"": 0.5, ""anchor_sigma"": 0.015, ""outlier_prob"": 0.1, ""outlier_scale_deg"": 10.0, ""seed"": 101}"
id,anchor_x,anchor_y,bearing,is_outlier,sigma_theta,Sxx,Sxy,Syy,true_x,true_y
0,34.988147712500556,-0.03051938222747809,-0.19866809395192497,False,0.008726646259971648,0.000225,0.0,0.000225,8.0,5.0
1,17.509049526203874,30.32205355040355,1.2086679207058735,False,0.008726646259971648,0.000225,0.0,0.000225,8.0,5.0
2,-17.504645301997986,30.31639895304954,2.356082466930472,False,0.008726646259971648,0.000225,0.0,0.000225,8.0,5.0
3,-34.974344085627834,0.015911967600991492,-3.0412144514137815,False,0.008726646259971648,0.000225,0.0,0.000225,8.0,5.0
4,-17.489385414687924,-30.300572891627763,-2.4430980425955156,True,0.008726646259971648,0.000225,0.0,0.000225,8.0,5.0
5,17.48704648819369,-30.296428881480264,-1.2938781837670128,False,0.008726646259971648,0.000225,0.0,0.000225,8.0,5.0
