#META,"{""n_anchors"": 6, ""radius"": 35.0, ""true_pos"": [8.0, 5.0], ""bearing_kappa"": 100.0, ""anchor_gnss_sigma"": 3.0, ""outlier_prob"": 0.1, ""outlier_kappa"": 2.0, ""outlier_scale_deg"": 180.0, ""marker_size"": 2.0, ""sigma_map"": 1.5}"
id,anchor_x,anchor_y,bearing,sigma_theta,Sxx,Sxy,Syx,Syy,true_x,true_y
0,47.63043723141687,3.917317966687039,1.427698882916622,0.1,11.583333333333334,0.0,0.0,11.583333333333334,8.0,5.0
1,22.05095000560758,36.08422050778673,0.33689737127733377,0.1,11.583333333333334,0.0,0.0,11.583333333333334,8.0,5.0
2,-12.886307638287246,34.364052730448556,-0.2356202373282894,0.1,11.583333333333334,0.0,0.0,11.583333333333334,8.0,5.0
3,-23.52632240726929,5.449946827354945,-1.3757989070289423,0.1,11.583333333333334,0.0,0.0,11.583333333333334,8.0,5.0
4,-11.23518985286493,-21.61211530118302,-0.8803631646726711,0.1,11.583333333333334,0.0,0.0,11.583333333333334,8.0,5.0
5,23.303603706492893,-25.134193529167597,-2.1730428639073587,0.1,11.583333333333334,0.0,0.0,11.583333333333334,8.0,5.0
