#META,"{""n_anchors"": 6, ""radius"": 35.0, ""true_pos"": [8.0, 5.0], ""bearing_kappa"": 100.0, ""anchor_gnss_sigma"": 3.0, ""outlier_prob"": 0.1, ""outlier_kappa"": 2.0, ""outlier_scale_deg"": 180.0, ""marker_size"": 2.0, ""sigma_map"": 1.5}"
id,anchor_x,anchor_y,bearing,sigma_theta,Sxx,Sxy,Syx,Syy,true_x,true_y
0,48.108680352292836,3.8238469721669603,1.3928113129243282,0.1,11.583333333333334,0.0,0.0,11.583333333333334,8.0,5.0
1,23.613326372701113,40.05921319738257,0.5347996228217844,0.1,11.583333333333334,0.0,0.0,11.583333333333334,8.0,5.0
2,-12.084843475374354,30.456899647617494,-0.6699692324425595,0.1,11.583333333333334,0.0,0.0,11.583333333333334,8.0,5.0
3,-29.751428897249124,10.009800339209201,-1.6057110236140701,0.1,11.583333333333334,0.0,0.0,11.583333333333334,8.0,5.0
4,-18.85479496567652,-18.43010354993467,-2.5922288186356717,0.1,11.583333333333334,0.0,0.0,11.583333333333334,8.0,5.0
5,21.006480514102496,-17.937789778867653,2.5709099862221976,0.1,11.583333333333334,0.0,0.0,11.583333333333334,8.0,5.0
