#META,"{""n_anchors"": 6, ""radius"": 35.0, ""true_pos"": [8.0, 5.0], ""sigma_theta_deg"": 0.5, ""anchor_sigma"": 0.015, ""outlier_prob"": 0.1, ""outlier_scale_deg"": 10.0, ""seed"": 106}"
id,anchor_x,anchor_y,bearing,is_outlier,sigma_theta,Sxx,Sxy,Syy,true_x,true_y
0,35.0132392894571,0.004863806789422517,-0.08556143733901056,True,0.008726646259971648,0.000225,0.0,0.000225,8.0,5.0
1,17.50738186461832,30.30835795017402,1.2139790543013227,False,0.008726646259971648,0.000225,0.0,0.000225,8.0,5.0
2,-17.48563711686213,30.288017938701046,2.3675326094043845,False,0.008726646259971648,0.000225,0.0,0.000225,8.0,5.0
3,-34.9830524387304,-0.0042874176983862065,-2.870104081997124,True,0.008726646259971648,0.000225,0.0,0.000225,8.0,5.0
4,-17.502755091878264,-30.32682617663352,-2.217118480429219,True,0.008726646259971648,0.000225,0.0,0.000225,8.0,5.0
5,17.475554470771435,-30.317856518098168,-1.3357782346475044,True,0.008726646259971648,0.000225,0.0,0.000225,8.0,5.0
