#META,"{""n_anchors"": 6, ""radius"": 35.0, ""true_pos"": [8.0, 5.0], ""sigma_theta_deg"": 0.5, ""anchor_sigma"": 0.015, ""outlier_prob"": 0.1, ""outlier_scale_deg"": 10.0, ""seed"": 71}"
id,anchor_x,anchor_y,bearing,is_outlier,sigma_theta,Sxx,Sxy,Syy,true_x,true_y
0,35.00073081385412,0.007772452670468896,-0.18626480459309125,False,0.008726646259971648,0.000225,0.0,0.000225,8.0,5.0
1,17.49834850898534,30.309553626013003,1.2150691281904598,False,0.008726646259971648,0.000225,0.0,0.000225,8.0,5.0
2,-17.49246244526799,30.318547740389224,2.362461218648285,False,0.008726646259971648,0.000225,0.0,0.000225,8.0,5.0
3,-34.994823864901846,-0.02131255846618434,-3.0352925679588942,False,0.008726646259971648,0.000225,0.0,0.000225,8.0,5.0
4,-17.50854659044607,-30.315487764934606,-2.191610508356293,False,0.008726646259971648,0.000225,0.0,0.000225,8.0,5.0
5,17.511093309621288,-30.310207304101414,-1.3113890775930896,False,0.008726646259971648,0.000225,0.0,0.000225,8.0,5.0
