#META,"{""n_anchors"": 6, ""radius"": 35.0, ""true_pos"": [8.0, 5.0], ""sigma_theta_deg"": 0.5, ""anchor_sigma"": 0.015, ""outlier_prob"": 0.1, ""outlier_scale_deg"": 10.0, ""seed"": 116}"
id,anchor_x,anchor_y,bearing,is_outlier,sigma_theta,Sxx,Sxy,Syy,true_x,true_y
0,34.99028035127344,0.0004851741924366277,-0.17455374549859792,False,0.008726646259971648,0.000225,0.0,0.000225,8.0,5.0
1,17.514476292137886,30.28575662720861,1.2021398295323253,False,0.008726646259971648,0.000225,0.0,0.000225,8.0,5.0
2,-17.50158353718092,30.330640957464112,2.356362406125183,False,0.008726646259971648,0.000225,0.0,0.000225,8.0,5.0
3,-34.99254235364694,-0.01344842340392306,-3.0287958430280133,False,0.008726646259971648,0.000225,0.0,0.000225,8.0,5.0
4,-17.511959630519097,-30.31020181055643,-2.190211129235117,False,0.008726646259971648,0.000225,0.0,0.000225,8.0,5.0
5,17.52096841484323,-30.317402503940066,-1.305886516869755,False,0.008726646259971648,0.000225,0.0,0.000225,8.0,5.0
