#META,"{""n_anchors"": 6, ""radius"": 35.0, ""true_pos"": [8.0, 5.0], ""bearing_kappa"": 100.0, ""anchor_gnss_sigma"": 3.0, ""outlier_prob"": 0.1, ""outlier_kappa"": 2.0, ""outlier_scale_deg"": 180.0, ""marker_size"": 2.0, ""sigma_map"": 1.5}"
id,anchor_x,anchor_y,bearing,sigma_theta,Sxx,Sxy,Syx,Syy,true_x,true_y
0,45.17291684280852,2.454898886687322,1.8919911091893669,0.1,11.583333333333334,0.0,0.0,11.583333333333334,8.0,5.0
1,24.440477077865594,31.438894688151823,0.2957561141837841,0.1,11.583333333333334,0.0,0.0,11.583333333333334,8.0,5.0
2,-7.594171539448562,48.87572244788946,-0.45469152360938914,0.1,11.583333333333334,0.0,0.0,11.583333333333334,8.0,5.0
3,-19.14632220400937,5.712566521545211,-1.505629941303896,0.1,11.583333333333334,0.0,0.0,11.583333333333334,8.0,5.0
4,-11.980317535900749,-28.67611498353137,-2.6124331886525107,0.1,11.583333333333334,0.0,0.0,11.583333333333334,8.0,5.0
5,24.99915886112284,-21.85844441414171,2.5680588227008663,0.1,11.583333333333334,0.0,0.0,11.583333333333334,8.0,5.0
