#META,"{""n_anchors"": 6, ""radius"": 35.0, ""true_pos"": [8.0, 5.0], ""sigma_theta_deg"": 0.5, ""anchor_sigma"": 0.015, ""outlier_prob"": 0.1, ""outlier_scale_deg"": 10.0, ""seed"": 136}"
id,anchor_x,anchor_y,bearing,is_outlier,sigma_theta,Sxx,Sxy,Syy,true_x,true_y
0,35.00058820689195,-0.023788199106807278,-0.18524310589076576,False,0.008726646259971648,0.000225,0.0,0.000225,8.0,5.0
1,17.521082594401786,30.334510344690653,1.2218013244393244,False,0.008726646259971648,0.000225,0.0,0.000225,8.0,5.0
2,-17.487360061979835,30.30884489600116,2.3471764729325573,False,0.008726646259971648,0.000225,0.0,0.000225,8.0,5.0
3,-35.019576958991685,0.024789887855659637,-3.0263899690703724,False,0.008726646259971648,0.000225,0.0,0.000225,8.0,5.0
4,-17.493723059996128,-30.304679285176796,-2.2093598855268612,False,0.008726646259971648,0.000225,0.0,0.000225,8.0,5.0
5,17.50506485212511,-30.305410367734222,-1.310968649605553,False,0.008726646259971648,0.000225,0.0,0.000225,8.0,5.0
