#META,"{""n_anchors"": 6, ""radius"": 35.0, ""true_pos"": [8.0, 5.0], ""sigma_theta_deg"": 0.5, ""anchor_sigma"": 0.015, ""outlier_prob"": 0.1, ""outlier_scale_deg"": 10.0, ""seed"": 74}"
id,anchor_x,anchor_y,bearing,is_outlier,sigma_theta,Sxx,Sxy,Syy,true_x,true_y
0,35.00369732680805,0.0030976680759026115,-0.1857106378253488,False,0.008726646259971648,0.000225,0.0,0.000225,8.0,5.0
1,17.51105173157691,30.30745914078867,1.2119503128405018,False,0.008726646259971648,0.000225,0.0,0.000225,8.0,5.0
2,-17.512968891083922,30.306064807197675,2.3633619937582324,False,0.008726646259971648,0.000225,0.0,0.000225,8.0,5.0
3,-34.999367218745235,0.0026353244841338364,-3.023722941397133,False,0.008726646259971648,0.000225,0.0,0.000225,8.0,5.0
4,-17.502936729695843,-30.298683402103997,-2.2056752971187956,False,0.008726646259971648,0.000225,0.0,0.000225,8.0,5.0
5,17.523141578770698,-30.29590308764102,-1.319881465494014,False,0.008726646259971648,0.000225,0.0,0.000225,8.0,5.0
