#META,"{""n_anchors"": 6, ""radius"": 35.0, ""true_pos"": [8.0, 5.0], ""bearing_kappa"": 100.0, ""anchor_gnss_sigma"": 3.0, ""outlier_prob"": 0.1, ""outlier_kappa"": 2.0, ""outlier_scale_deg"": 180.0, ""marker_size"": 2.0, ""sigma_map"": 1.5}"
id,anchor_x,anchor_y,bearing,sigma_theta,Sxx,Sxy,Syx,Syy,true_x,true_y
0,42.238424671404154,9.118433803322525,1.4747512078850793,0.1,11.583333333333334,0.0,0.0,11.583333333333334,8.0,5.0
1,24.184725572203625,33.85618058176771,-1.4375383250808569,0.1,11.583333333333334,0.0,0.0,11.583333333333334,8.0,5.0
2,-2.298468686500594,28.710971007611064,-0.2567368938014152,0.1,11.583333333333334,0.0,0.0,11.583333333333334,8.0,5.0
3,-31.61173754843312,1.4723842416732533,-1.483890492243539,0.1,11.583333333333334,0.0,0.0,11.583333333333334,8.0,5.0
4,-11.871706085915937,-28.322565699898814,-2.6251725344854435,0.1,11.583333333333334,0.0,0.0,11.583333333333334,8.0,5.0
5,21.6543994732572,-26.16371101935191,2.725159492766534,0.1,11.583333333333334,0.0,0.0,11.583333333333334,8.0,5.0
