#META,"{""n_anchors"": 6, ""radius"": 35.0, ""true_pos"": [8.0, 5.0], ""bearing_kappa"": 100.0, ""anchor_gnss_sigma"": 3.0, ""outlier_prob"": 0.1, ""outlier_kappa"": 2.0, ""outlier_scale_deg"": 180.0, ""marker_size"": 2.0, ""sigma_map"": 1.5}"
id,anchor_x,anchor_y,bearing,sigma_theta,Sxx,Sxy,Syx,Syy,true_x,true_y
0,47.56561563300838,2.294714916032343,1.6461378703296115,0.1,11.583333333333334,0.0,0.0,11.583333333333334,8.0,5.0
1,34.449761086612355,38.43060054401579,0.7143728765892488,0.1,11.583333333333334,0.0,0.0,11.583333333333334,8.0,5.0
2,-14.098741829117746,35.240594396875046,-0.6502297554402752,0.1,11.583333333333334,0.0,0.0,11.583333333333334,8.0,5.0
3,-30.871602586411885,6.763535763490556,-1.2806108123132436,0.1,11.583333333333334,0.0,0.0,11.583333333333334,8.0,5.0
4,-7.489029058370706,-27.2632409810508,-2.726702149345212,0.1,11.583333333333334,0.0,0.0,11.583333333333334,8.0,5.0
5,21.276508686688963,-26.039533223834567,2.830141886448457,0.1,11.583333333333334,0.0,0.0,11.583333333333334,8.0,5.0
