#META,"{""n_anchors"": 6, ""radius"": 35.0, ""true_pos"": [8.0, 5.0], ""sigma_theta_deg"": 0.5, ""anchor_sigma"": 0.015, ""outlier_prob"": 0.1, ""outlier_scale_deg"": 10.0, ""seed"": 114}"
id,anchor_x,anchor_y,bearing,is_outlier,sigma_theta,Sxx,Sxy,Syy,true_x,true_y
0,34.987220777011736,0.0031893824357401225,-0.17565166798988585,False,0.008726646259971648,0.000225,0.0,0.000225,8.0,5.0
1,17.48661017640648,30.32412691193497,1.2160072381388547,False,0.008726646259971648,0.000225,0.0,0.000225,8.0,5.0
2,-17.482051295928816,30.313889712689463,2.3525622125655374,False,0.008726646259971648,0.000225,0.0,0.000225,8.0,5.0
3,-35.00570509525481,0.0021787538506141627,-3.041708591986262,False,0.008726646259971648,0.000225,0.0,0.000225,8.0,5.0
4,-17.503840563186607,-30.32086100141675,-2.2048617770309176,False,0.008726646259971648,0.000225,0.0,0.000225,8.0,5.0
5,17.49373333063419,-30.309043236112718,-1.3130634274505881,False,0.008726646259971648,0.000225,0.0,0.000225,8.0,5.0
