#META,"{""n_anchors"": 6, ""radius"": 35.0, ""true_pos"": [8.0, 5.0], ""sigma_theta_deg"": 0.5, ""anchor_sigma"": 0.015, ""outlier_prob"": 0.1, ""outlier_scale_deg"": 10.0, ""seed"": 88}"
id,anchor_x,anchor_y,bearing,is_outlier,sigma_theta,Sxx,Sxy,Syy,true_x,true_y
0,34.98902583405023,-0.008104567365204466,-0.18838037985334033,False,0.008726646259971648,0.000225,0.0,0.000225,8.0,5.0
1,17.484122119360837,30.317509510948774,1.217885311683081,False,0.008726646259971648,0.000225,0.0,0.000225,8.0,5.0
2,-17.505933091780808,30.324754023862443,2.3767839993729023,False,0.008726646259971648,0.000225,0.0,0.000225,8.0,5.0
3,-34.98568803985705,-0.007626957473199838,-3.0303946877032373,False,0.008726646259971648,0.000225,0.0,0.000225,8.0,5.0
4,-17.47749865701426,-30.32688565770335,-1.9885378092855663,True,0.008726646259971648,0.000225,0.0,0.000225,8.0,5.0
5,17.47741990623373,-30.32515270152948,-1.3034692241007646,False,0.008726646259971648,0.000225,0.0,0.000225,8.0,5.0
