#META,"{""n_anchors"": 6, ""radius"": 35.0, ""true_pos"": [8.0, 5.0], ""bearing_kappa"": 100.0, ""anchor_gnss_sigma"": 3.0, ""outlier_prob"": 0.1, ""outlier_kappa"": 2.0, ""outlier_scale_deg"": 180.0, ""marker_size"": 2.0, ""sigma_map"": 1.5}"
id,anchor_x,anchor_y,bearing,sigma_theta,Sxx,Sxy,Syx,Syy,true_x,true_y
0,41.13539263470177,-4.159113723978619,1.5445884245158625,0.1,11.583333333333334,0.0,0.0,11.583333333333334,8.0,5.0
1,26.803949448771363,30.443622971760828,0.39422964673409133,0.1,11.583333333333334,0.0,0.0,11.583333333333334,8.0,5.0
2,-9.184515002896855,42.11988796883501,-0.4481100432849985,0.1,11.583333333333334,0.0,0.0,11.583333333333334,8.0,5.0
3,-20.64231228730371,5.9808993220589395,-1.4094774843471498,0.1,11.583333333333334,0.0,0.0,11.583333333333334,8.0,5.0
4,-16.268706129758375,-25.870317159885744,-2.678865880083377,0.1,11.583333333333334,0.0,0.0,11.583333333333334,8.0,5.0
5,30.59791643306092,-31.589645564935186,2.591775301465586,0.1,11.583333333333334,0.0,0.0,11.583333333333334,8.0,5.0
