#META,"{""n_anchors"": 6, ""radius"": 35.0, ""true_pos"": [8.0, 5.0], ""bearing_kappa"": 100.0, ""anchor_gnss_sigma"": 3.0, ""outlier_prob"": 0.1, ""outlier_kappa"": 2.0, ""outlier_scale_deg"": 180.0, ""marker_size"": 2.0, ""sigma_map"": 1.5}"
id,anchor_x,anchor_y,bearing,sigma_theta,Sxx,Sxy,Syx,Syy,true_x,true_y
0,37.38895013028137,3.221538103110053,1.5194655607270917,0.1,11.583333333333334,0.0,0.0,11.583333333333334,8.0,5.0
1,23.142428414401543,33.89068453900564,-2.2458716686187103,0.1,11.583333333333334,0.0,0.0,11.583333333333334,8.0,5.0
2,-1.7356464597961079,36.492393352510284,1.2811452088178026,0.1,11.583333333333334,0.0,0.0,11.583333333333334,8.0,5.0
3,-27.334886172732613,8.629177719730833,-1.8172625101047633,0.1,11.583333333333334,0.0,0.0,11.583333333333334,8.0,5.0
4,-14.903573166360296,-30.719278087036734,-2.742282117972107,0.1,11.583333333333334,0.0,0.0,11.583333333333334,8.0,5.0
5,19.73060646350284,-26.248144416204834,2.546912322409237,0.1,11.583333333333334,0.0,0.0,11.583333333333334,8.0,5.0
