#META,"{""n_anchors"": 6, ""radius"": 35.0, ""true_pos"": [8.0, 5.0], ""bearing_kappa"": 100.0, ""anchor_gnss_sigma"": 3.0, ""outlier_prob"": 0.1, ""outlier_kappa"": 2.0, ""outlier_scale_deg"": 180.0, ""marker_size"": 2.0, ""sigma_map"": 1.5}"
id,anchor_x,anchor_y,bearing,sigma_theta,Sxx,Sxy,Syx,Syy,true_x,true_y
0,42.693454255387564,2.589543057044007,1.680063692339747,0.1,11.583333333333334,0.0,0.0,11.583333333333334,8.0,5.0
1,26.864852845012564,42.50854822771951,0.48039808988515986,0.1,11.583333333333334,0.0,0.0,11.583333333333334,8.0,5.0
2,-10.840473242508589,41.723799545404034,-0.36439453232531704,0.1,11.583333333333334,0.0,0.0,11.583333333333334,8.0,5.0
3,-33.519380174576476,-3.5079229395815474,-1.5331903603688914,0.1,11.583333333333334,0.0,0.0,11.583333333333334,8.0,5.0
4,-8.63466424650126,-20.044938850373804,-2.4632911443072043,0.1,11.583333333333334,0.0,0.0,11.583333333333334,8.0,5.0
5,27.893254285905535,-26.15428350406294,2.57802135521751,0.1,11.583333333333334,0.0,0.0,11.583333333333334,8.0,5.0
