#META,"{""n_anchors"": 6, ""radius"": 35.0, ""true_pos"": [8.0, 5.0], ""sigma_theta_deg"": 0.5, ""anchor_sigma"": 0.015, ""outlier_prob"": 0.1, ""outlier_scale_deg"": 10.0, ""seed"": 81}"
id,anchor_x,anchor_y,bearing,is_outlier,sigma_theta,Sxx,Sxy,Syy,true_x,true_y
0,35.00849215213397,0.01162514505239177,-0.1798407702128535,False,0.008726646259971648,0.000225,0.0,0.000225,8.0,5.0
1,17.489214713459617,30.31840960302712,1.1963363961184355,False,0.008726646259971648,0.000225,0.0,0.000225,8.0,5.0
2,-17.481541914433645,30.311560816098613,2.3630761883259774,False,0.008726646259971648,0.000225,0.0,0.000225,8.0,5.0
3,-34.97989387018268,0.01723133530311989,-3.0201019734147496,False,0.008726646259971648,0.000225,0.0,0.000225,8.0,5.0
4,-17.503713236833484,-30.30086423743369,-2.19488443650048,False,0.008726646259971648,0.000225,0.0,0.000225,8.0,5.0
5,17.508812882999976,-30.290285847660293,-1.3026475178789836,False,0.008726646259971648,0.000225,0.0,0.000225,8.0,5.0
