#META,"{""n_anchors"": 6, ""radius"": 35.0, ""true_pos"": [8.0, 5.0], ""bearing_kappa"": 100.0, ""anchor_gnss_sigma"": 3.0, ""outlier_prob"": 0.1, ""outlier_kappa"": 2.0, ""outlier_scale_deg"": 180.0, ""marker_size"": 2.0, ""sigma_map"": 1.5}"
id,anchor_x,anchor_y,bearing,sigma_theta,Sxx,Sxy,Syx,Syy,true_x,true_y
0,50.08901748080347,3.725239432973498,1.6114062986023505,0.1,11.583333333333334,0.0,0.0,11.583333333333334,8.0,5.0
1,26.8500477623453,35.79500523421066,0.5814831040103523,0.1,11.583333333333334,0.0,0.0,11.583333333333334,8.0,5.0
2,-6.211737181740162,39.42923791673013,-0.2675959294835817,0.1,11.583333333333334,0.0,0.0,11.583333333333334,8.0,5.0
3,-35.0530477338589,3.1750117980139647,-1.6481915016033195,0.1,11.583333333333334,0.0,0.0,11.583333333333334,8.0,5.0
4,-8.31581008487818,-29.60757643082422,-2.6554076438350815,0.1,11.583333333333334,0.0,0.0,11.583333333333334,8.0,5.0
5,22.558512069457503,-16.29364094624451,2.617273065737068,0.1,11.583333333333334,0.0,0.0,11.583333333333334,8.0,5.0
