#META,"{""n_anchors"": 6, ""radius"": 35.0, ""true_pos"": [8.0, 5.0], ""bearing_kappa"": 100.0, ""anchor_gnss_sigma"": 3.0, ""outlier_prob"": 0.1, ""outlier_kappa"": 2.0, ""outlier_scale_deg"": 180.0, ""marker_size"": 2.0, ""sigma_map"": 1.5}"
id,anchor_x,anchor_y,bearing,sigma_theta,Sxx,Sxy,Syx,Syy,true_x,true_y
0,44.30768621610409,3.841018955604135,1.6768192833344617,0.1,11.583333333333334,0.0,0.0,11.583333333333334,8.0,5.0
1,20.3185763486724,36.61737965623888,0.6515772392230486,0.1,11.583333333333334,0.0,0.0,11.583333333333334,8.0,5.0
2,-6.23848128700215,38.77260399701891,-0.5945327477640916,0.1,11.583333333333334,0.0,0.0,11.583333333333334,8.0,5.0
3,-32.77111473289061,8.687302984999935,-1.4204618653125305,0.1,11.583333333333334,0.0,0.0,11.583333333333334,8.0,5.0
4,-13.60122747118784,-20.719537631522154,-2.481882651681863,0.1,11.583333333333334,0.0,0.0,11.583333333333334,8.0,5.0
5,24.459864207043392,-33.16253885853385,2.618919632638274,0.1,11.583333333333334,0.0,0.0,11.583333333333334,8.0,5.0
