#META,"{""n_anchors"": 6, ""radius"": 35.0, ""true_pos"": [8.0, 5.0], ""bearing_kappa"": 100.0, ""anchor_gnss_sigma"": 3.0, ""outlier_prob"": 0.1, ""outlier_kappa"": 2.0, ""outlier_scale_deg"": 180.0, ""marker_size"": 2.0, ""sigma_map"": 1.5}"
id,anchor_x,anchor_y,bearing,sigma_theta,Sxx,Sxy,Syx,Syy,true_x,true_y
0,36.43758551443572,10.840057557547304,1.4121559016027305,0.1,11.583333333333334,0.0,0.0,11.583333333333334,8.0,5.0
1,35.670545776604214,29.47778294746543,0.6316524794588654,0.1,11.583333333333334,0.0,0.0,11.583333333333334,8.0,5.0
2,-19.22599646410248,34.41609566508397,1.3208095419808892,0.1,11.583333333333334,0.0,0.0,11.583333333333334,8.0,5.0
3,-30.241615252394393,5.422230573483583,-1.4399035823039705,0.1,11.583333333333334,0.0,0.0,11.583333333333334,8.0,5.0
4,-13.012728724241175,-23.400934349989704,-2.442203534880653,0.1,11.583333333333334,0.0,0.0,11.583333333333334,8.0,5.0
5,27.686719053301708,-28.20819548344159,2.6348112030087947,0.1,11.583333333333334,0.0,0.0,11.583333333333334,8.0,5.0
