#META,"{""n_anchors"": 6, ""radius"": 35.0, ""true_pos"": [8.0, 5.0], ""sigma_theta_deg"": 0.5, ""anchor_sigma"": 0.015, ""outlier_prob"": 0.1, ""outlier_scale_deg"": 10.0, ""seed"": 125}"
id,anchor_x,anchor_y,bearing,is_outlier,sigma_theta,Sxx,Sxy,Syy,true_x,true_y
0,34.96235033700788,-0.04067993266345997,-0.19643632817838919,False,0.008726646259971648,0.000225,0.0,0.000225,8.0,5.0
1,17.49704414398461,30.304640262402327,1.2145627291473673,False,0.008726646259971648,0.000225,0.0,0.000225,8.0,5.0
2,-17.512701234528027,30.302598048758256,2.3578670575129834,False,0.008726646259971648,0.000225,0.0,0.000225,8.0,5.0
3,-35.00752166215917,-0.020651129521711154,-2.894182605337134,True,0.008726646259971648,0.000225,0.0,0.000225,8.0,5.0
4,-17.514678559707246,-30.326941904535605,-2.279299017585017,True,0.008726646259971648,0.000225,0.0,0.000225,8.0,5.0
5,17.470384654014833,-30.333572534456184,-1.3085655508120748,False,0.008726646259971648,0.000225,0.0,0.000225,8.0,5.0
