#META,"{""n_anchors"": 6, ""radius"": 35.0, ""true_pos"": [8.0, 5.0], ""bearing_kappa"": 100.0, ""anchor_gnss_sigma"": 3.0, ""outlier_prob"": 0.1, ""outlier_kappa"": 2.0, ""outlier_scale_deg"": 180.0, ""marker_size"": 2.0, ""sigma_map"": 1.5}"
id,anchor_x,anchor_y,bearing,sigma_theta,Sxx,Sxy,Syx,Syy,true_x,true_y
0,51.95982525603299,10.646766801070175,1.6218725208847369,0.1,11.583333333333334,0.0,0.0,11.583333333333334,8.0,5.0
1,29.590062254617685,35.41438891542656,0.47614582962332985,0.1,11.583333333333334,0.0,0.0,11.583333333333334,8.0,5.0
2,-5.60248192153515,28.80114574885476,-0.8809223260421284,0.1,11.583333333333334,0.0,0.0,11.583333333333334,8.0,5.0
3,-28.389188957117174,7.463040391544299,-1.5350111584718853,0.1,11.583333333333334,0.0,0.0,11.583333333333334,8.0,5.0
4,-11.192069050692682,-28.288295714335238,-2.6695311158782715,0.1,11.583333333333334,0.0,0.0,11.583333333333334,8.0,5.0
5,22.376451736756877,-25.352316047537144,2.551702045406997,0.1,11.583333333333334,0.0,0.0,11.583333333333334,8.0,5.0
