#META,"{""n_anchors"": 6, ""radius"": 35.0, ""true_pos"": [8.0, 5.0], ""sigma_theta_deg"": 0.5, ""anchor_sigma"": 0.015, ""outlier_prob"": 0.1, ""outlier_scale_deg"": 10.0, ""seed"": 66}"
id,anchor_x,anchor_y,bearing,is_outlier,sigma_theta,Sxx,Sxy,Syy,true_x,true_y
0,35.00811549968208,-0.0080987625468653,-0.1748567397357963,False,0.008726646259971648,0.000225,0.0,0.000225,8.0,5.0
1,17.492609271541095,30.29499535094732,1.2050095908757426,False,0.008726646259971648,0.000225,0.0,0.000225,8.0,5.0
2,-17.51989021426522,30.287612821335518,2.370119262108597,False,0.008726646259971648,0.000225,0.0,0.000225,8.0,5.0
3,-34.992472579298905,0.0167942440391766,-3.027567366512373,False,0.008726646259971648,0.000225,0.0,0.000225,8.0,5.0
4,-17.493384309395488,-30.30660685729673,-2.0150973386530473,True,0.008726646259971648,0.000225,0.0,0.000225,8.0,5.0
5,17.504394200533273,-30.312773277214717,-1.3185681995768268,False,0.008726646259971648,0.000225,0.0,0.000225,8.0,5.0
