#META,"{""n_anchors"": 6, ""radius"": 35.0, ""true_pos"": [8.0, 5.0], ""bearing_kappa"": 100.0, ""anchor_gnss_sigma"": 3.0, ""outlier_prob"": 0.1, ""outlier_kappa"": 2.0, ""outlier_scale_deg"": 180.0, ""marker_size"": 2.0, ""sigma_map"": 1.5}"
id,anchor_x,anchor_y,bearing,sigma_theta,Sxx,Sxy,Syx,Syy,true_x,true_y
0,42.012350484299084,2.645037103551064,1.7789126247052351,0.1,11.583333333333334,0.0,0.0,11.583333333333334,8.0,5.0
1,32.49114691739757,44.02757838140089,0.47326143417679445,0.1,11.583333333333334,0.0,0.0,11.583333333333334,8.0,5.0
2,-1.6274368561188037,30.575551653905396,-0.486801023503471,0.1,11.583333333333334,0.0,0.0,11.583333333333334,8.0,5.0
3,-21.594232866329396,4.741344611372613,-1.481963382469031,0.1,11.583333333333334,0.0,0.0,11.583333333333334,8.0,5.0
4,-7.1398722175097635,-27.724302195775252,-2.7924359949252864,0.1,11.583333333333334,0.0,0.0,11.583333333333334,8.0,5.0
5,24.199874543900727,-35.276417139951704,2.7961844792965262,0.1,11.583333333333334,0.0,0.0,11.583333333333334,8.0,5.0
