#META,"{""n_anchors"": 6, ""radius"": 35.0, ""true_pos"": [8.0, 5.0], ""bearing_kappa"": 100.0, ""anchor_gnss_sigma"": 3.0, ""outlier_prob"": 0.1, ""outlier_kappa"": 2.0, ""outlier_scale_deg"": 180.0, ""marker_size"": 2.0, ""sigma_map"": 1.5}"
id,anchor_x,anchor_y,bearing,sigma_theta,Sxx,Sxy,Syx,Syy,true_x,true_y
0,44.04035797206393,0.8270952727375604,1.324527514048846,0.1,11.583333333333334,0.0,0.0,11.583333333333334,8.0,5.0
1,24.96640808200122,38.142725125274325,0.4436883461793353,0.1,11.583333333333334,0.0,0.0,11.583333333333334,8.0,5.0
2,-11.33752913970707,34.04699363855529,-0.6960435224629826,0.1,11.583333333333334,0.0,0.0,11.583333333333334,8.0,5.0
3,-35.24918077563062,4.807225706330187,-1.6882468119865575,0.1,11.583333333333334,0.0,0.0,11.583333333333334,8.0,5.0
4,-5.749965445830884,-22.566085828930337,-2.6360860583753354,0.1,11.583333333333334,0.0,0.0,11.583333333333334,8.0,5.0
5,26.843735246252884,-23.644818432761216,2.743835513012254,0.1,11.583333333333334,0.0,0.0,11.583333333333334,8.0,5.0
