#META,"{""n_anchors"": 6, ""radius"": 35.0, ""true_pos"": [8.0, 5.0], ""bearing_kappa"": 100.0, ""anchor_gnss_sigma"": 3.0, ""outlier_prob"": 0.1, ""outlier_kappa"": 2.0, ""outlier_scale_deg"": 180.0, ""marker_size"": 2.0, ""sigma_map"": 1.5}"
id,anchor_x,anchor_y,bearing,sigma_theta,Sxx,Sxy,Syx,Syy,true_x,true_y
0,43.82113441962547,3.5576354138805364,1.4910699107971919,0.1,11.583333333333334,0.0,0.0,11.583333333333334,8.0,5.0
1,27.762418099645565,35.04668200064198,0.08286009773889713,0.1,11.583333333333334,0.0,0.0,11.583333333333334,8.0,5.0
2,-9.860292951857646,30.540065716690023,-1.3179917011089035,0.1,11.583333333333334,0.0,0.0,11.583333333333334,8.0,5.0
3,-30.458853719559663,1.1297780014984353,-1.633829894624868,0.1,11.583333333333334,0.0,0.0,11.583333333333334,8.0,5.0
4,-6.294967730191747,-24.25299949431475,-2.477177577022565,0.1,11.583333333333334,0.0,0.0,11.583333333333334,8.0,5.0
5,34.2232356975498,-26.706927519074544,2.4463349456865267,0.1,11.583333333333334,0.0,0.0,11.583333333333334,8.0,5.0
