#META,"{""n_anchors"": 6, ""radius"": 35.0, ""true_pos"": [8.0, 5.0], ""bearing_kappa"": 100.0, ""anchor_gnss_sigma"": 3.0, ""outlier_prob"": 0.1, ""outlier_kappa"": 2.0, ""outlier_scale_deg"": 180.0, ""marker_size"": 2.0, ""sigma_map"": 1.5}"
id,anchor_x,anchor_y,bearing,sigma_theta,Sxx,Sxy,Syx,Syy,true_x,true_y
0,46.29451927032016,0.11234815347785831,1.4150135719037342,0.1,11.583333333333334,0.0,0.0,11.583333333333334,8.0,5.0
1,29.477163599604662,32.277982611890046,0.46719260787157335,0.1,11.583333333333334,0.0,0.0,11.583333333333334,8.0,5.0
2,-5.687134658382736,33.71118653898768,-0.5970582185606865,0.1,11.583333333333334,0.0,0.0,11.583333333333334,8.0,5.0
3,-36.72736563789041,4.879128346055051,-1.6175707046791112,0.1,11.583333333333334,0.0,0.0,11.583333333333334,8.0,5.0
4,-1.6372743650423969,-21.359038227910528,-2.661472139910048,0.1,11.583333333333334,0.0,0.0,11.583333333333334,8.0,5.0
5,32.4039895677127,-22.30817032671087,2.502801859138061,0.1,11.583333333333334,0.0,0.0,11.583333333333334,8.0,5.0
