#META,"{""n_anchors"": 6, ""radius"": 35.0, ""true_pos"": [8.0, 5.0], ""bearing_kappa"": 100.0, ""anchor_gnss_sigma"": 3.0, ""outlier_prob"": 0.1, ""outlier_kappa"": 2.0, ""outlier_scale_deg"": 180.0, ""marker_size"": 2.0, ""sigma_map"": 1.5}"
id,anchor_x,anchor_y,bearing,sigma_theta,Sxx,Sxy,Syx,Syy,true_x,true_y
0,39.06919643001686,9.33054897584724,1.4201052855803855,0.1,11.583333333333334,0.0,0.0,11.583333333333334,8.0,5.0
1,29.25412713349418,30.88216703116138,0.7685129555632484,0.1,11.583333333333334,0.0,0.0,11.583333333333334,8.0,5.0
2,-4.7772697478806405,31.98409292513344,-0.3851492247899486,0.1,11.583333333333334,0.0,0.0,11.583333333333334,8.0,5.0
3,-33.6957927888098,8.663952888105454,-1.5675179509040174,0.1,11.583333333333334,0.0,0.0,11.583333333333334,8.0,5.0
4,-6.809152989318836,-20.636361387278523,-2.595305280376545,0.1,11.583333333333334,0.0,0.0,11.583333333333334,8.0,5.0
5,21.070710504063666,-24.51301119610054,2.4361492318947082,0.1,11.583333333333334,0.0,0.0,11.583333333333334,8.0,5.0
