#META,"{""n_anchors"": 6, ""radius"": 35.0, ""true_pos"": [8.0, 5.0], ""bearing_kappa"": 100.0, ""anchor_gnss_sigma"": 3.0, ""outlier_prob"": 0.1, ""outlier_kappa"": 2.0, ""outlier_scale_deg"": 180.0, ""marker_size"": 2.0, ""sigma_map"": 1.5}"
id,anchor_x,anchor_y,bearing,sigma_theta,Sxx,Sxy,Syx,Syy,true_x,true_y
0,44.488409784082535,10.306455430741398,1.5417363220311717,0.1,11.583333333333334,0.0,0.0,11.583333333333334,8.0,5.0
1,21.027860598782773,38.37324510637417,0.38853326396716525,0.1,11.583333333333334,0.0,0.0,11.583333333333334,8.0,5.0
2,-12.782829189227806,42.86906841861315,-0.3981974532969925,0.1,11.583333333333334,0.0,0.0,11.583333333333334,8.0,5.0
3,-36.50876562565524,4.501346545571575,-1.5009878936016925,0.1,11.583333333333334,0.0,0.0,11.583333333333334,8.0,5.0
4,-10.753628928147432,-32.08554885229101,-2.481542136437687,0.1,11.583333333333334,0.0,0.0,11.583333333333334,8.0,5.0
5,21.1503653342894,-21.20495341991498,2.7225198288065604,0.1,11.583333333333334,0.0,0.0,11.583333333333334,8.0,5.0
