#META,"{""n_anchors"": 6, ""radius"": 35.0, ""true_pos"": [8.0, 5.0], ""bearing_kappa"": 100.0, ""anchor_gnss_sigma"": 3.0, ""outlier_prob"": 0.1, ""outlier_kappa"": 2.0, ""outlier_scale_deg"": 180.0, ""marker_size"": 2.0, ""sigma_map"": 1.5}"
id,anchor_x,anchor_y,bearing,sigma_theta,Sxx,Sxy,Syx,Syy,true_x,true_y
0,42.10309812017572,9.242823185088334,1.6669758638553382,0.1,11.583333333333334,0.0,0.0,11.583333333333334,8.0,5.0
1,19.54989593483423,38.217473637336305,0.4126593971887491,0.1,11.583333333333334,0.0,0.0,11.583333333333334,8.0,5.0
2,-17.431343778887662,43.34694921603388,-0.657343619528552,0.1,11.583333333333334,0.0,0.0,11.583333333333334,8.0,5.0
3,-29.76986732575182,2.962590415743853,-1.5245378135279362,0.1,11.583333333333334,0.0,0.0,11.583333333333334,8.0,5.0
4,-11.323875484259924,-22.37894751302243,-2.596195943925707,0.1,11.583333333333334,0.0,0.0,11.583333333333334,8.0,5.0
5,22.7040565927477,-22.565297314922677,2.7338950112896807,0.1,11.583333333333334,0.0,0.0,11.583333333333334,8.0,5.0
