#META,"{""n_anchors"": 6, ""radius"": 35.0, ""true_pos"": [8.0, 5.0], ""bearing_kappa"": 100.0, ""anchor_gnss_sigma"": 3.0, ""outlier_prob"": 0.1, ""outlier_kappa"": 2.0, ""outlier_scale_deg"": 180.0, ""marker_size"": 2.0, ""sigma_map"": 1.5}"
id,anchor_x,anchor_y,bearing,sigma_theta,Sxx,Sxy,Syx,Syy,true_x,true_y
0,52.56527539574668,1.0815444477217342,1.7293088685838214,0.1,11.583333333333334,0.0,0.0,11.583333333333334,8.0,5.0
1,20.51721017135273,34.47993319331526,0.2348254390925968,0.1,11.583333333333334,0.0,0.0,11.583333333333334,8.0,5.0
2,-10.809670862824966,36.22184869934708,-0.6711566777422142,0.1,11.583333333333334,0.0,0.0,11.583333333333334,8.0,5.0
3,-26.736281119841586,1.4504576089992391,-1.4800407470518042,0.1,11.583333333333334,0.0,0.0,11.583333333333334,8.0,5.0
4,-11.111121353292102,-22.351007839197145,-2.6139155574134527,0.1,11.583333333333334,0.0,0.0,11.583333333333334,8.0,5.0
5,21.439543140028235,-18.399669838543712,2.510277609735697,0.1,11.583333333333334,0.0,0.0,11.583333333333334,8.0,5.0
