#META,"{""n_anchors"": 6, ""radius"": 35.0, ""true_pos"": [8.0, 5.0], ""bearing_kappa"": 100.0, ""anchor_gnss_sigma"": 3.0, ""outlier_prob"": 0.1, ""outlier_kappa"": 2.0, ""outlier_scale_deg"": 180.0, ""marker_size"": 2.0, ""sigma_map"": 1.5}"
id,anchor_x,anchor_y,bearing,sigma_theta,Sxx,Sxy,Syx,Syy,true_x,true_y
0,37.308881827098496,-1.6455461170517136,1.7368717378519545,0.1,11.583333333333334,0.0,0.0,11.583333333333334,8.0,5.0
1,21.63607277064036,33.29229100217667,0.4940763176171581,0.1,11.583333333333334,0.0,0.0,11.583333333333334,8.0,5.0
2,-6.81529604825256,32.251892975667374,-0.4915178915729115,0.1,11.583333333333334,0.0,0.0,11.583333333333334,8.0,5.0
3,-25.324584775609097,8.176050070459953,-1.5805244777769243,0.1,11.583333333333334,0.0,0.0,11.583333333333334,8.0,5.0
4,-5.6354249197893775,-25.781388840963796,-2.805803629376742,0.1,11.583333333333334,0.0,0.0,11.583333333333334,8.0,5.0
5,25.02072969753383,-26.11751663419041,2.668481885752696,0.1,11.583333333333334,0.0,0.0,11.583333333333334,8.0,5.0
