#META,"{""n_anchors"": 6, ""radius"": 35.0, ""true_pos"": [8.0, 5.0], ""sigma_theta_deg"": 0.5, ""anchor_sigma"": 0.015, ""outlier_prob"": 0.1, ""outlier_scale_deg"": 10.0, ""seed"": 90}"
id,anchor_x,anchor_y,bearing,is_outlier,sigma_theta,Sxx,Sxy,Syy,true_x,true_y
0,35.027216788575934,-0.007173102540384934,-0.1826933455497839,False,0.008726646259971648,0.000225,0.0,0.000225,8.0,5.0
1,17.498360636202687,30.31873535642593,1.2174452808025897,False,0.008726646259971648,0.000225,0.0,0.000225,8.0,5.0
2,-17.504699330944014,30.310991184973876,2.3656203915134473,False,0.008726646259971648,0.000225,0.0,0.000225,8.0,5.0
3,-34.97364534299005,0.01801281026592477,-3.0314362986584924,False,0.008726646259971648,0.000225,0.0,0.000225,8.0,5.0
4,-17.49026634969989,-30.310833102871587,-2.184415943163894,False,0.008726646259971648,0.000225,0.0,0.000225,8.0,5.0
5,17.501768914893347,-30.287059985565616,-1.3147315103691726,False,0.008726646259971648,0.000225,0.0,0.000225,8.0,5.0
