#META,"{""n_anchors"": 6, ""radius"": 35.0, ""true_pos"": [8.0, 5.0], ""sigma_theta_deg"": 0.5, ""anchor_sigma"": 0.015, ""outlier_prob"": 0.1, ""outlier_scale_deg"": 10.0, ""seed"": 95}"
id,anchor_x,anchor_y,bearing,is_outlier,sigma_theta,Sxx,Sxy,Syy,true_x,true_y
0,34.99693107264493,-0.0037432830640635054,-0.2069418226466304,False,0.008726646259971648,0.000225,0.0,0.000225,8.0,5.0
1,17.531694536380915,30.31269533734621,0.919928150361546,True,0.008726646259971648,0.000225,0.0,0.000225,8.0,5.0
2,-17.507764106025252,30.33194584073964,2.1272841111130347,True,0.008726646259971648,0.000225,0.0,0.000225,8.0,5.0
3,-34.987053914089735,0.0038417166038629694,-3.024084120129991,False,0.008726646259971648,0.000225,0.0,0.000225,8.0,5.0
4,-17.491574677458946,-30.327064615769565,-2.1875526874326128,False,0.008726646259971648,0.000225,0.0,0.000225,8.0,5.0
5,17.50044599735464,-30.312149720111012,-1.3142865177243694,False,0.008726646259971648,0.000225,0.0,0.000225,8.0,5.0
