#META,"{""n_anchors"": 6, ""radius"": 35.0, ""true_pos"": [8.0, 5.0], ""bearing_kappa"": 100.0, ""anchor_gnss_sigma"": 3.0, ""outlier_prob"": 0.1, ""outlier_kappa"": 2.0, ""outlier_scale_deg"": 180.0, ""marker_size"": 2.0, ""sigma_map"": 1.5}"
id,anchor_x,anchor_y,bearing,sigma_theta,Sxx,Sxy,Syx,Syy,true_x,true_y
0,41.5634180728221,2.1539267037043874,1.5716611290981515,0.1,11.583333333333334,0.0,0.0,11.583333333333334,8.0,5.0
1,27.25833029704879,37.83232556288124,0.5001038885871307,0.1,11.583333333333334,0.0,0.0,11.583333333333334,8.0,5.0
2,-13.520604868494326,39.05105263036858,-0.6056476910123383,0.1,11.583333333333334,0.0,0.0,11.583333333333334,8.0,5.0
3,-29.552581778773323,-0.9553664905508317,-1.6570326964079705,0.1,11.583333333333334,0.0,0.0,11.583333333333334,8.0,5.0
4,-13.042953449168104,-21.96782040790189,-2.776581148799683,0.1,11.583333333333334,0.0,0.0,11.583333333333334,8.0,5.0
5,17.459549617093696,-19.809101947186246,2.5113347803184602,0.1,11.583333333333334,0.0,0.0,11.583333333333334,8.0,5.0
