#META,"{""n_anchors"": 6, ""radius"": 35.0, ""true_pos"": [8.0, 5.0], ""bearing_kappa"": 100.0, ""anchor_gnss_sigma"": 3.0, ""outlier_prob"": 0.1, ""outlier_kappa"": 2.0, ""outlier_scale_deg"": 180.0, ""marker_size"": 2.0, ""sigma_map"": 1.5}"
id,anchor_x,anchor_y,bearing,sigma_theta,Sxx,Sxy,Syx,Syy,true_x,true_y
0,41.96175303643059,7.146844312390208,1.556654818998486,0.1,11.583333333333334,0.0,0.0,11.583333333333334,8.0,5.0
1,33.201674875810056,37.66578922993062,0.5461301728199408,0.1,11.583333333333334,0.0,0.0,11.583333333333334,8.0,5.0
2,-6.327525390303826,34.43464387843291,-0.4229415681215727,0.1,11.583333333333334,0.0,0.0,11.583333333333334,8.0,5.0
3,-26.81613745985636,1.4194391969228648,-1.6356199041625068,0.1,11.583333333333334,0.0,0.0,11.583333333333334,8.0,5.0
4,-0.7417416905416925,-11.660820323210478,-2.51292752123966,0.1,11.583333333333334,0.0,0.0,11.583333333333334,8.0,5.0
5,21.362290719213732,-21.639891094236006,2.610653193300246,0.1,11.583333333333334,0.0,0.0,11.583333333333334,8.0,5.0
