#META,"{""n_anchors"": 6, ""radius"": 35.0, ""true_pos"": [8.0, 5.0], ""sigma_theta_deg"": 0.5, ""anchor_sigma"": 0.015, ""outlier_prob"": 0.1, ""outlier_scale_deg"": 10.0, ""seed"": 98}"
id,anchor_x,anchor_y,bearing,is_outlier,sigma_theta,Sxx,Sxy,Syy,true_x,true_y
0,34.98368613435728,-0.018669320529994593,-0.17109949800396063,False,0.008726646259971648,0.000225,0.0,0.000225,8.0,5.0
1,17.50840789758063,30.32122141367373,1.3141832106070792,True,0.008726646259971648,0.000225,0.0,0.000225,8.0,5.0
2,-17.493578014964005,30.326883363524065,2.351613125438048,False,0.008726646259971648,0.000225,0.0,0.000225,8.0,5.0
3,-35.004606691644426,0.00885478689210346,-3.0218819903474543,False,0.008726646259971648,0.000225,0.0,0.000225,8.0,5.0
4,-17.49418710099421,-30.307073206757043,-2.2026820389784425,False,0.008726646259971648,0.000225,0.0,0.000225,8.0,5.0
5,17.492698071927684,-30.305454430525746,-1.297758691537625,False,0.008726646259971648,0.000225,0.0,0.000225,8.0,5.0
