#META,"{""n_anchors"": 6, ""radius"": 35.0, ""true_pos"": [8.0, 5.0], ""bearing_kappa"": 100.0, ""anchor_gnss_sigma"": 3.0, ""outlier_prob"": 0.1, ""outlier_kappa"": 2.0, ""outlier_scale_deg"": 180.0, ""marker_size"": 2.0, ""sigma_map"": 1.5}"
id,anchor_x,anchor_y,bearing,sigma_theta,Sxx,Sxy,Syx,Syy,true_x,true_y
0,48.06916708488285,-1.1270560754413976,1.6257313607052035,0.1,11.583333333333334,0.0,0.0,11.583333333333334,8.0,5.0
1,21.271396005379977,38.56788967347611,0.46385009076956596,0.1,11.583333333333334,0.0,0.0,11.583333333333334,8.0,5.0
2,-14.944259243063815,35.58620818300193,-0.7080753430435003,0.1,11.583333333333334,0.0,0.0,11.583333333333334,8.0,5.0
3,-21.8537229021242,4.868070490077088,-2.087876373783292,0.1,11.583333333333334,0.0,0.0,11.583333333333334,8.0,5.0
4,-16.038803178809182,-33.21749182079281,-2.6709309617059738,0.1,11.583333333333334,0.0,0.0,11.583333333333334,8.0,5.0
5,27.35455230058536,-30.991983488738445,2.591373201498868,0.1,11.583333333333334,0.0,0.0,11.583333333333334,8.0,5.0
