#META,"{""n_anchors"": 6, ""radius"": 35.0, ""true_pos"": [8.0, 5.0], ""bearing_kappa"": 100.0, ""anchor_gnss_sigma"": 3.0, ""outlier_prob"": 0.1, ""outlier_kappa"": 2.0, ""outlier_scale_deg"": 180.0, ""marker_size"": 2.0, ""sigma_map"": 1.5}"
id,anchor_x,anchor_y,bearing,sigma_theta,Sxx,Sxy,Syx,Syy,true_x,true_y
0,46.4869129700664,4.324122921673851,1.6679712007253809,0.1,11.583333333333334,0.0,0.0,11.583333333333334,8.0,5.0
1,21.41264126645217,41.17299811262374,0.5463333312227325,0.1,11.583333333333334,0.0,0.0,11.583333333333334,8.0,5.0
2,-7.051041357211636,38.938259254678336,-0.48439055735849124,0.1,11.583333333333334,0.0,0.0,11.583333333333334,8.0,5.0
3,-34.37022722985815,3.5155398341391826,-1.5568727802328253,0.1,11.583333333333334,0.0,0.0,11.583333333333334,8.0,5.0
4,-9.84147899570639,-26.76533987162692,-2.5635935792981304,0.1,11.583333333333334,0.0,0.0,11.583333333333334,8.0,5.0
5,28.12807965924385,-34.49209204332641,3.028524360131783,0.1,11.583333333333334,0.0,0.0,11.583333333333334,8.0,5.0
