#META,"{""n_anchors"": 6, ""radius"": 35.0, ""true_pos"": [8.0, 5.0], ""bearing_kappa"": 100.0, ""anchor_gnss_sigma"": 3.0, ""outlier_prob"": 0.1, ""outlier_kappa"": 2.0, ""outlier_scale_deg"": 180.0, ""marker_size"": 2.0, ""sigma_map"": 1.5}"
id,anchor_x,anchor_y,bearing,sigma_theta,Sxx,Sxy,Syx,Syy,true_x,true_y
0,49.793916191959134,7.473170787248144,1.5384510575846768,0.1,11.583333333333334,0.0,0.0,11.583333333333334,8.0,5.0
1,20.28085643580379,36.22368524908975,-1.5707041012138732,0.1,11.583333333333334,0.0,0.0,11.583333333333334,8.0,5.0
2,-7.463431730172439,29.672069774313403,0.6174977890483717,0.1,11.583333333333334,0.0,0.0,11.583333333333334,8.0,5.0
3,-33.26847247567654,6.405176499360566,-1.4538791249721168,0.1,11.583333333333334,0.0,0.0,11.583333333333334,8.0,5.0
4,-1.5072973359825452,-23.225131931522107,-2.506902032584831,0.1,11.583333333333334,0.0,0.0,11.583333333333334,8.0,5.0
5,23.188971467982057,-28.582028741927896,2.458283153339446,0.1,11.583333333333334,0.0,0.0,11.583333333333334,8.0,5.0
