#META,"{""n_anchors"": 6, ""radius"": 35.0, ""true_pos"": [8.0, 5.0], ""bearing_kappa"": 100.0, ""anchor_gnss_sigma"": 3.0, ""outlier_prob"": 0.1, ""outlier_kappa"": 2.0, ""outlier_scale_deg"": 180.0, ""marker_size"": 2.0, ""sigma_map"": 1.5}"
id,anchor_x,anchor_y,bearing,sigma_theta,Sxx,Sxy,Syx,Syy,true_x,true_y
0,50.96782608746285,5.701322199546496,1.6772847702574678,0.1,11.583333333333334,0.0,0.0,11.583333333333334,8.0,5.0
1,25.23183279292347,29.093355032892077,0.415865891378822,0.1,11.583333333333334,0.0,0.0,11.583333333333334,8.0,5.0
2,-7.794109870116734,27.023281468462674,-0.5521522140240229,0.1,11.583333333333334,0.0,0.0,11.583333333333334,8.0,5.0
3,-30.186254299206524,8.601834233697556,-1.6255949156356824,0.1,11.583333333333334,0.0,0.0,11.583333333333334,8.0,5.0
4,-4.003822397257825,-27.77399365992407,-2.615289272583497,0.1,11.583333333333334,0.0,0.0,11.583333333333334,8.0,5.0
5,33.83714456916749,-23.780039785532594,2.51615097881273,0.1,11.583333333333334,0.0,0.0,11.583333333333334,8.0,5.0
