#META,"{""n_anchors"": 6, ""radius"": 35.0, ""true_pos"": [8.0, 5.0], ""bearing_kappa"": 100.0, ""anchor_gnss_sigma"": 3.0, ""outlier_prob"": 0.1, ""outlier_kappa"": 2.0, ""outlier_scale_deg"": 180.0, ""marker_size"": 2.0, ""sigma_map"": 1.5}"
id,anchor_x,anchor_y,bearing,sigma_theta,Sxx,Sxy,Syx,Syy,true_x,true_y
0,43.99082307340031,-1.9637875286104522,0.07368760827353737,0.1,11.583333333333334,0.0,0.0,11.583333333333334,8.0,5.0
1,30.470732598996843,39.225900451193155,2.6499229775456463,0.1,11.583333333333334,0.0,0.0,11.583333333333334,8.0,5.0
2,-6.452870610907045,39.8250720850476,-0.42621645223501403,0.1,11.583333333333334,0.0,0.0,11.583333333333334,8.0,5.0
3,-16.649570443119465,8.84938196201596,0.7237636962510692,0.1,11.583333333333334,0.0,0.0,11.583333333333334,8.0,5.0
4,-5.533359353133602,-26.590918629404953,-2.508983958752527,0.1,11.583333333333334,0.0,0.0,11.583333333333334,8.0,5.0
5,26.622212401466598,-32.67050737094932,2.461781281705716,0.1,11.583333333333334,0.0,0.0,11.583333333333334,8.0,5.0
