#META,"{""n_anchors"": 6, ""radius"": 35.0, ""true_pos"": [8.0, 5.0], ""bearing_kappa"": 100.0, ""anchor_gnss_sigma"": 3.0, ""outlier_prob"": 0.1, ""outlier_kappa"": 2.0, ""outlier_scale_deg"": 180.0, ""marker_size"": 2.0, ""sigma_map"": 1.5}"
id,anchor_x,anchor_y,bearing,sigma_theta,Sxx,Sxy,Syx,Syy,true_x,true_y
0,50.882813800972016,-1.1524439754740206,1.8481091974118984,0.1,11.583333333333334,0.0,0.0,11.583333333333334,8.0,5.0
1,24.128518330030108,40.05613963729439,0.4046278109447705,0.1,11.583333333333334,0.0,0.0,11.583333333333334,8.0,5.0
2,-19.718260403190605,37.9934587439929,-0.7084848380800679,0.1,11.583333333333334,0.0,0.0,11.583333333333334,8.0,5.0
3,-24.528738554748735,2.4090226728942143,-1.5375834026859092,0.1,11.583333333333334,0.0,0.0,11.583333333333334,8.0,5.0
4,-7.231633972143942,-29.8155303802069,-2.7908732305499866,0.1,11.583333333333334,0.0,0.0,11.583333333333334,8.0,5.0
5,26.452384807841167,-30.042999702308062,2.666902550416582,0.1,11.583333333333334,0.0,0.0,11.583333333333334,8.0,5.0
