#META,"{""n_anchors"": 6, ""radius"": 35.0, ""true_pos"": [8.0, 5.0], ""sigma_theta_deg"": 0.5, ""anchor_sigma"": 0.015, ""outlier_prob"": 0.1, ""outlier_scale_deg"": 10.0, ""seed"": 126}"
id,anchor_x,anchor_y,bearing,is_outlier,sigma_theta,Sxx,Sxy,Syy,true_x,true_y
0,35.00100367063478,0.0017242969935008171,-0.1772712660058553,False,0.008726646259971648,0.000225,0.0,0.000225,8.0,5.0
1,17.53484550027184,30.32419221275555,1.2051805968385905,False,0.008726646259971648,0.000225,0.0,0.000225,8.0,5.0
2,-17.52028250732553,30.319591035911213,2.3567442327409065,False,0.008726646259971648,0.000225,0.0,0.000225,8.0,5.0
3,-34.9840450956091,-0.007459621845657121,-3.0389891277027017,False,0.008726646259971648,0.000225,0.0,0.000225,8.0,5.0
4,-17.499942641807593,-30.30450040048768,-2.2093718135599927,False,0.008726646259971648,0.000225,0.0,0.000225,8.0,5.0
5,17.477285339614014,-30.34498555121711,-1.3191000813471918,False,0.008726646259971648,0.000225,0.0,0.000225,8.0,5.0
