#META,"{""n_anchors"": 6, ""radius"": 35.0, ""true_pos"": [8.0, 5.0], ""sigma_theta_deg"": 0.5, ""anchor_sigma"": 0.015, ""outlier_prob"": 0.1, ""outlier_scale_deg"": 10.0, ""seed"": 79}"
id,anchor_x,anchor_y,bearing,is_outlier,sigma_theta,Sxx,Sxy,Syy,true_x,true_y
0,35.0093084518484,-0.011001218788995864,-0.49473988181164685,True,0.008726646259971648,0.000225,0.0,0.000225,8.0,5.0
1,17.506150270669533,30.302936181549263,1.2115208427065634,False,0.008726646259971648,0.000225,0.0,0.000225,8.0,5.0
2,-17.480539139013224,30.310999819783728,2.366510532606754,False,0.008726646259971648,0.000225,0.0,0.000225,8.0,5.0
3,-35.027257902732835,0.008259194026796188,-3.0353682217742857,True,0.008726646259971648,0.000225,0.0,0.000225,8.0,5.0
4,-17.509011243008672,-30.300742529291394,-2.212480212768828,False,0.008726646259971648,0.000225,0.0,0.000225,8.0,5.0
5,17.508405909099032,-30.31794558071478,-1.3077272380208278,False,0.008726646259971648,0.000225,0.0,0.000225,8.0,5.0
