#META,"{""n_anchors"": 6, ""radius"": 35.0, ""true_pos"": [8.0, 5.0], ""bearing_kappa"": 100.0, ""anchor_gnss_sigma"": 3.0, ""outlier_prob"": 0.1, ""outlier_kappa"": 2.0, ""outlier_scale_deg"": 180.0, ""marker_size"": 2.0, ""sigma_map"": 1.5}"
id,anchor_x,anchor_y,bearing,sigma_theta,Sxx,Sxy,Syx,Syy,true_x,true_y
0,44.947690005649,-0.025781483191565258,-1.7753433523131665,0.1,11.583333333333334,0.0,0.0,11.583333333333334,8.0,5.0
1,23.876603183073055,33.19212768985048,0.5555926105088798,0.1,11.583333333333334,0.0,0.0,11.583333333333334,8.0,5.0
2,-19.64312710880351,40.55075898723543,-2.169798028798044,0.1,11.583333333333334,0.0,0.0,11.583333333333334,8.0,5.0
3,-20.49372812770304,10.621132703871645,-1.5631820555434652,0.1,11.583333333333334,0.0,0.0,11.583333333333334,8.0,5.0
4,-6.758379086781343,-30.221987043535993,-2.563087962519461,0.1,11.583333333333334,0.0,0.0,11.583333333333334,8.0,5.0
5,26.948749639680834,-20.96200286782135,2.329138114281494,0.1,11.583333333333334,0.0,0.0,11.583333333333334,8.0,5.0
