#META,"{""n_anchors"": 6, ""radius"": 35.0, ""true_pos"": [8.0, 5.0], ""sigma_theta_deg"": 0.5, ""anchor_sigma"": 0.015, ""outlier_prob"": 0.1, ""outlier_scale_deg"": 10.0, ""seed"": 89}"
id,anchor_x,anchor_y,bearing,is_outlier,sigma_theta,Sxx,Sxy,Syy,true_x,true_y
0,34.99232124498813,-0.004108583538180035,-0.18193147285673295,False,0.008726646259971648,0.000225,0.0,0.000225,8.0,5.0
1,17.516126193293935,30.315359001065712,1.211365397330761,False,0.008726646259971648,0.000225,0.0,0.000225,8.0,5.0
2,-17.485890064121268,30.31594064651596,2.3542991472185086,False,0.008726646259971648,0.000225,0.0,0.000225,8.0,5.0
3,-34.992258705423026,0.0017674128448865493,-3.0228552250449137,False,0.008726646259971648,0.000225,0.0,0.000225,8.0,5.0
4,-17.491326467124345,-30.32422132328303,-2.214317235761955,False,0.008726646259971648,0.000225,0.0,0.000225,8.0,5.0
5,17.51607756433372,-30.32815364395829,-1.3161831739842214,False,0.008726646259971648,0.000225,0.0,0.000225,8.0,5.0
