#META,"{""n_anchors"": 6, ""radius"": 35.0, ""true_pos"": [8.0, 5.0], ""bearing_kappa"": 100.0, ""anchor_gnss_sigma"": 3.0, ""outlier_prob"": 0.1, ""outlier_kappa"": 2.0, ""outlier_scale_deg"": 180.0, ""marker_size"": 2.0, ""sigma_map"": 1.5}"
id,anchor_x,anchor_y,bearing,sigma_theta,Sxx,Sxy,Syx,Syy,true_x,true_y
0,51.37318365949736,5.474711809695963,1.6541933197878302,0.1,11.583333333333334,0.0,0.0,11.583333333333334,8.0,5.0
1,34.32698071614422,38.50911622052846,0.5416470471347967,0.1,11.583333333333334,0.0,0.0,11.583333333333334,8.0,5.0
2,-18.070529696561046,35.32485829689999,-0.511664196222144,0.1,11.583333333333334,0.0,0.0,11.583333333333334,8.0,5.0
3,-40.655279718109,7.572561971221356,-1.7355240946468937,0.1,11.583333333333334,0.0,0.0,11.583333333333334,8.0,5.0
4,-14.766440119183917,-35.40807450444037,-2.6991400672248727,0.1,11.583333333333334,0.0,0.0,11.583333333333334,8.0,5.0
5,21.886271816765692,-33.35028552873685,2.7355697511443386,0.1,11.583333333333334,0.0,0.0,11.583333333333334,8.0,5.0
