#META,"{""n_anchors"": 6, ""radius"": 35.0, ""true_pos"": [8.0, 5.0], ""bearing_kappa"": 100.0, ""anchor_gnss_sigma"": 3.0, ""outlier_prob"": 0.1, ""outlier_kappa"": 2.0, ""outlier_scale_deg"": 180.0, ""marker_size"": 2.0, ""sigma_map"": 1.5}"
id,anchor_x,anchor_y,bearing,sigma_theta,Sxx,Sxy,Syx,Syy,true_x,true_y
0,40.793934617736845,3.9423595543772034,1.722485901275065,0.1,11.583333333333334,0.0,0.0,11.583333333333334,8.0,5.0
1,22.874288299659383,33.85719234480324,0.6002816624085301,0.1,11.583333333333334,0.0,0.0,11.583333333333334,8.0,5.0
2,-14.2057730303005,33.58929989863139,-0.4759681657030619,0.1,11.583333333333334,0.0,0.0,11.583333333333334,8.0,5.0
3,-33.94745408482303,15.80468900855697,-1.54615671574388,0.1,11.583333333333334,0.0,0.0,11.583333333333334,8.0,5.0
4,-9.540637593607352,-25.95841929506086,-2.59960576646095,0.1,11.583333333333334,0.0,0.0,11.583333333333334,8.0,5.0
5,25.431887234280367,-27.180676421145602,2.632747042919772,0.1,11.583333333333334,0.0,0.0,11.583333333333334,8.0,5.0
