#META,"{""n_anchors"": 6, ""radius"": 35.0, ""true_pos"": [8.0, 5.0], ""bearing_kappa"": 100.0, ""anchor_gnss_sigma"": 3.0, ""outlier_prob"": 0.1, ""outlier_kappa"": 2.0, ""outlier_scale_deg"": 180.0, ""marker_size"": 2.0, ""sigma_map"": 1.5}"
id,anchor_x,anchor_y,bearing,sigma_theta,Sxx,Sxy,Syx,Syy,true_x,true_y
0,48.456455796817465,-4.377255950094012,1.7484271341695248,0.1,11.583333333333334,0.0,0.0,11.583333333333334,8.0,5.0
1,26.231895076738407,29.08162271101945,0.5103871820528769,0.1,11.583333333333334,0.0,0.0,11.583333333333334,8.0,5.0
2,-10.93714332535072,33.999883596457465,-0.4805703413756106,0.1,11.583333333333334,0.0,0.0,11.583333333333334,8.0,5.0
3,-27.78313569523049,1.9826319824962457,-1.4505605672799504,0.1,11.583333333333334,0.0,0.0,11.583333333333334,8.0,5.0
4,-0.4906953135858423,-21.83712826856837,-2.6812546210576365,0.1,11.583333333333334,0.0,0.0,11.583333333333334,8.0,5.0
5,27.646858665994785,-21.4635609457729,2.5275076897945947,0.1,11.583333333333334,0.0,0.0,11.583333333333334,8.0,5.0
