#META,"{""n_anchors"": 6, ""radius"": 35.0, ""true_pos"": [8.0, 5.0], ""sigma_theta_deg"": 0.5, ""anchor_sigma"": 0.015, ""outlier_prob"": 0.1, ""outlier_scale_deg"": 10.0, ""seed"": 45}"
id,anchor_x,anchor_y,bearing,is_outlier,sigma_theta,Sxx,Sxy,Syy,true_x,true_y
0,34.993132021905026,-0.00934288023228129,0.0642411549352011,True,0.008726646259971648,0.000225,0.0,0.000225,8.0,5.0
1,17.502029350396448,30.32354767136245,1.209845542324806,False,0.008726646259971648,0.000225,0.0,0.000225,8.0,5.0
2,-17.502227480322304,30.3148263891832,2.3512118267754625,False,0.008726646259971648,0.000225,0.0,0.000225,8.0,5.0
3,-34.99202497942924,0.010347109498050547,-3.0786426541192617,True,0.008726646259971648,0.000225,0.0,0.000225,8.0,5.0
4,-17.513378480005482,-30.303856826090485,-2.1960255278276613,False,0.008726646259971648,0.000225,0.0,0.000225,8.0,5.0
5,17.499733185573223,-30.319910577929665,-1.301292760955755,False,0.008726646259971648,0.000225,0.0,0.000225,8.0,5.0
