#META,"{""n_anchors"": 6, ""radius"": 35.0, ""true_pos"": [8.0, 5.0], ""bearing_kappa"": 100.0, ""anchor_gnss_sigma"": 3.0, ""outlier_prob"": 0.1, ""outlier_kappa"": 2.0, ""outlier_scale_deg"": 180.0, ""marker_size"": 2.0, ""sigma_map"": 1.5}"
id,anchor_x,anchor_y,bearing,sigma_theta,Sxx,Sxy,Syx,Syy,true_x,true_y
0,32.00228004454499,5.836201887833063,1.6809843331780119,0.1,11.583333333333334,0.0,0.0,11.583333333333334,8.0,5.0
1,28.779391128827744,36.07124392773114,0.5280238131961883,0.1,11.583333333333334,0.0,0.0,11.583333333333334,8.0,5.0
2,-12.75633555889353,36.789223015724346,-0.5628109891426316,0.1,11.583333333333334,0.0,0.0,11.583333333333334,8.0,5.0
3,-19.79750779513258,3.963638463468693,-1.5466402453375148,0.1,11.583333333333334,0.0,0.0,11.583333333333334,8.0,5.0
4,-16.291733561262856,-32.77792064169474,-2.4793652330223424,0.1,11.583333333333334,0.0,0.0,11.583333333333334,8.0,5.0
5,28.83035622076446,-30.39079441019129,2.406721951394058,0.1,11.583333333333334,0.0,0.0,11.583333333333334,8.0,5.0
