#META,"{""n_anchors"": 6, ""radius"": 35.0, ""true_pos"": [8.0, 5.0], ""bearing_kappa"": 100.0, ""anchor_gnss_sigma"": 3.0, ""outlier_prob"": 0.1, ""outlier_kappa"": 2.0, ""outlier_scale_deg"": 180.0, ""marker_size"": 2.0, ""sigma_map"": 1.5}"
id,anchor_x,anchor_y,bearing,sigma_theta,Sxx,Sxy,Syx,Syy,true_x,true_y
0,51.27234897989388,2.868936307593034,1.85089354144705,0.1,11.583333333333334,0.0,0.0,11.583333333333334,8.0,5.0
1,26.93963136830682,34.9119656501713,0.6641954982482385,0.1,11.583333333333334,0.0,0.0,11.583333333333334,8.0,5.0
2,-12.445087903572057,35.93862608388284,-0.3617182304324249,0.1,11.583333333333334,0.0,0.0,11.583333333333334,8.0,5.0
3,-19.0944800388826,7.943429136296761,-1.4162668275696504,0.1,11.583333333333334,0.0,0.0,11.583333333333334,8.0,5.0
4,-11.884568966373223,-27.095399286902385,-2.6372107132622213,0.1,11.583333333333334,0.0,0.0,11.583333333333334,8.0,5.0
5,25.131047298062015,-30.885580902972592,2.7303878351693456,0.1,11.583333333333334,0.0,0.0,11.583333333333334,8.0,5.0
