#META,"{""n_anchors"": 6, ""radius"": 35.0, ""true_pos"": [8.0, 5.0], ""bearing_kappa"": 100.0, ""anchor_gnss_sigma"": 3.0, ""outlier_prob"": 0.1, ""outlier_kappa"": 2.0, ""outlier_scale_deg"": 180.0, ""marker_size"": 2.0, ""sigma_map"": 1.5}"
id,anchor_x,anchor_y,bearing,sigma_theta,Sxx,Sxy,Syx,Syy,true_x,true_y
0,47.04268037276267,6.172553910867491,1.7115657266991615,0.1,11.583333333333334,0.0,0.0,11.583333333333334,8.0,5.0
1,15.098809102774265,31.84228674541497,0.27352565495051673,0.1,11.583333333333334,0.0,0.0,11.583333333333334,8.0,5.0
2,-12.173224810030147,26.181528457105816,2.9869992322570056,0.1,11.583333333333334,0.0,0.0,11.583333333333334,8.0,5.0
3,-22.393725348686132,7.479596856748505,-1.5525725297128385,0.1,11.583333333333334,0.0,0.0,11.583333333333334,8.0,5.0
4,-11.309392894273115,-20.82211013818035,-2.5402361229854975,0.1,11.583333333333334,0.0,0.0,11.583333333333334,8.0,5.0
5,24.685679298710365,-23.362054462176157,2.5763896264642447,0.1,11.583333333333334,0.0,0.0,11.583333333333334,8.0,5.0
