#META,"{""n_anchors"": 6, ""radius"": 35.0, ""true_pos"": [8.0, 5.0], ""bearing_kappa"": 100.0, ""anchor_gnss_sigma"": 3.0, ""outlier_prob"": 0.1, ""outlier_kappa"": 2.0, ""outlier_scale_deg"": 180.0, ""marker_size"": 2.0, ""sigma_map"": 1.5}"
id,anchor_x,anchor_y,bearing,sigma_theta,Sxx,Sxy,Syx,Syy,true_x,true_y
0,47.49646866385436,3.406589477425416,1.6550325769481873,0.1,11.583333333333334,0.0,0.0,11.583333333333334,8.0,5.0
1,16.11468763717413,35.189639670238336,0.6069424851829988,0.1,11.583333333333334,0.0,0.0,11.583333333333334,8.0,5.0
2,-10.614763455870165,33.147478386970505,-0.4843064993920727,0.1,11.583333333333334,0.0,0.0,11.583333333333334,8.0,5.0
3,-31.490875717593596,7.075437545632464,-1.4847729548656705,0.1,11.583333333333334,0.0,0.0,11.583333333333334,8.0,5.0
4,-4.54458756059129,-29.512219597722506,-2.722234189890237,0.1,11.583333333333334,0.0,0.0,11.583333333333334,8.0,5.0
5,22.984795873433132,-25.188337040896535,2.577353611003277,0.1,11.583333333333334,0.0,0.0,11.583333333333334,8.0,5.0
