#META,"{""n_anchors"": 6, ""radius"": 35.0, ""true_pos"": [8.0, 5.0], ""sigma_theta_deg"": 0.5, ""anchor_sigma"": 0.015, ""outlier_prob"": 0.1, ""outlier_scale_deg"": 10.0, ""seed"": 47}"
id,anchor_x,anchor_y,bearing,is_outlier,sigma_theta,Sxx,Sxy,Syy,true_x,true_y
0,34.99000344589833,0.0014617644864959424,-0.18074946189268726,False,0.008726646259971648,0.000225,0.0,0.000225,8.0,5.0
1,17.471505297568175,30.28178808607328,1.2200329405392099,False,0.008726646259971648,0.000225,0.0,0.000225,8.0,5.0
2,-17.52115778706551,30.2988803016406,2.376542056738206,False,0.008726646259971648,0.000225,0.0,0.000225,8.0,5.0
3,-35.01101153865495,-0.006852317021279138,-3.014380212654516,True,0.008726646259971648,0.000225,0.0,0.000225,8.0,5.0
4,-17.502862750280457,-30.324013709606465,-2.182131050315884,False,0.008726646259971648,0.000225,0.0,0.000225,8.0,5.0
5,17.500068682478695,-30.301995418176773,-1.3171641497669093,False,0.008726646259971648,0.000225,0.0,0.000225,8.0,5.0
