#META,"{""n_anchors"": 6, ""radius"": 35.0, ""true_pos"": [8.0, 5.0], ""sigma_theta_deg"": 0.5, ""anchor_sigma"": 0.015, ""outlier_prob"": 0.1, ""outlier_scale_deg"": 10.0, ""seed"": 118}"
id,anchor_x,anchor_y,bearing,is_outlier,sigma_theta,Sxx,Sxy,Syy,true_x,true_y
0,34.99199968525524,0.00722262922637305,-0.17929748747285368,False,0.008726646259971648,0.000225,0.0,0.000225,8.0,5.0
1,17.50175215045536,30.28091446255328,1.2166979537233917,False,0.008726646259971648,0.000225,0.0,0.000225,8.0,5.0
2,-17.494525142960015,30.307397307007168,2.351703174457361,False,0.008726646259971648,0.000225,0.0,0.000225,8.0,5.0
3,-35.00774286439921,0.004701133129972289,-3.036969277438367,False,0.008726646259971648,0.000225,0.0,0.000225,8.0,5.0
4,-17.487718898695775,-30.31134733791516,-2.1964425744341427,False,0.008726646259971648,0.000225,0.0,0.000225,8.0,5.0
5,17.47885692498592,-30.319097238770777,-1.2966145301316907,False,0.008726646259971648,0.000225,0.0,0.000225,8.0,5.0
