#META,"{""n_anchors"": 6, ""radius"": 35.0, ""true_pos"": [8.0, 5.0], ""sigma_theta_deg"": 0.5, ""anchor_sigma"": 0.015, ""outlier_prob"": 0.1, ""outlier_scale_deg"": 10.0, ""seed"": 135}"
id,anchor_x,anchor_y,bearing,is_outlier,sigma_theta,Sxx,Sxy,Syy,true_x,true_y
0,35.00494395191774,0.005466166135269899,-0.20038824782813247,False,0.008726646259971648,0.000225,0.0,0.000225,8.0,5.0
1,17.49739036791908,30.291498731540933,1.2152300854105977,False,0.008726646259971648,0.000225,0.0,0.000225,8.0,5.0
2,-17.45926583850169,30.29665639773002,2.3446174796612276,False,0.008726646259971648,0.000225,0.0,0.000225,8.0,5.0
3,-35.00832836632581,-0.0004121701222291611,-3.015341427848363,False,0.008726646259971648,0.000225,0.0,0.000225,8.0,5.0
4,-17.476337064203015,-30.284596754177322,-2.217718204699217,False,0.008726646259971648,0.000225,0.0,0.000225,8.0,5.0
5,17.508421933246634,-30.306186046475172,-1.298325737973025,False,0.008726646259971648,0.000225,0.0,0.000225,8.0,5.0
