#META,"{""n_anchors"": 6, ""radius"": 35.0, ""true_pos"": [8.0, 5.0], ""sigma_theta_deg"": 0.5, ""anchor_sigma"": 0.015, ""outlier_prob"": 0.1, ""outlier_scale_deg"": 10.0, ""seed"": 82}"
id,anchor_x,anchor_y,bearing,is_outlier,sigma_theta,Sxx,Sxy,Syy,true_x,true_y
0,35.02592244298985,0.015404641987321756,-0.16630683267439927,False,0.008726646259971648,0.000225,0.0,0.000225,8.0,5.0
1,17.51662608834213,30.296321259248202,1.1980825948186533,False,0.008726646259971648,0.000225,0.0,0.000225,8.0,5.0
2,-17.50905844433507,30.29949924212489,2.3702015119281086,False,0.008726646259971648,0.000225,0.0,0.000225,8.0,5.0
3,-35.02560297879839,-0.006218429657512975,-3.0328901559811734,False,0.008726646259971648,0.000225,0.0,0.000225,8.0,5.0
4,-17.48702500050626,-30.308027292533964,-2.194616115973257,False,0.008726646259971648,0.000225,0.0,0.000225,8.0,5.0
5,17.496714526402695,-30.334044089872325,-1.3073431303645386,False,0.008726646259971648,0.000225,0.0,0.000225,8.0,5.0
