#META,"{""n_anchors"": 6, ""radius"": 35.0, ""true_pos"": [8.0, 5.0], ""sigma_theta_deg"": 0.5, ""anchor_sigma"": 0.015, ""outlier_prob"": 0.1, ""outlier_scale_deg"": 10.0, ""seed"": 44}"
id,anchor_x,anchor_y,bearing,is_outlier,sigma_theta,Sxx,Sxy,Syy,true_x,true_y
0,35.02168944099341,0.0015345770946042267,-0.18941610879675252,False,0.008726646259971648,0.000225,0.0,0.000225,8.0,5.0
1,17.504901291666464,30.32793606837499,1.214122307532425,False,0.008726646259971648,0.000225,0.0,0.000225,8.0,5.0
2,-17.487636340963473,30.319573480112027,2.3656910998290073,False,0.008726646259971648,0.000225,0.0,0.000225,8.0,5.0
3,-35.00568755875581,-0.01528310326259367,-3.0239488334645293,False,0.008726646259971648,0.000225,0.0,0.000225,8.0,5.0
4,-17.494357466557116,-30.318568525098577,-2.499160177395707,True,0.008726646259971648,0.000225,0.0,0.000225,8.0,5.0
5,17.51240852298246,-30.307720315734603,-1.305341124457766,False,0.008726646259971648,0.000225,0.0,0.000225,8.0,5.0
