#META,"{""n_anchors"": 6, ""radius"": 35.0, ""true_pos"": [8.0, 5.0], ""sigma_theta_deg"": 0.5, ""anchor_sigma"": 0.015, ""outlier_prob"": 0.1, ""outlier_scale_deg"": 10.0, ""seed"": 111}"
id,anchor_x,anchor_y,bearing,is_outlier,sigma_theta,Sxx,Sxy,Syy,true_x,true_y
0,34.99538843242699,-0.012579853495680967,-0.19172666558335694,False,0.008726646259971648,0.000225,0.0,0.000225,8.0,5.0
1,17.501884568113862,30.300978973112517,1.0418419124905283,True,0.008726646259971648,0.000225,0.0,0.000225,8.0,5.0
2,-17.49762527261565,30.347470559788114,2.3550998042512337,False,0.008726646259971648,0.000225,0.0,0.000225,8.0,5.0
3,-34.993405512026854,0.011555292600448741,-3.0206510648330243,False,0.008726646259971648,0.000225,0.0,0.000225,8.0,5.0
4,-17.51191649893232,-30.324485958071282,-2.204115606583653,False,0.008726646259971648,0.000225,0.0,0.000225,8.0,5.0
5,17.51184619390348,-30.32529117148411,-1.3000164512192232,False,0.008726646259971648,0.000225,0.0,0.000225,8.0,5.0
