#META,"{""n_anchors"": 6, ""radius"": 35.0, ""true_pos"": [8.0, 5.0], ""sigma_theta_deg"": 0.5, ""anchor_sigma"": 0.015, ""outlier_prob"": 0.1, ""outlier_scale_deg"": 10.0, ""seed"": 80}"
id,anchor_x,anchor_y,bearing,is_outlier,sigma_theta,Sxx,Sxy,Syy,true_x,true_y
0,35.01446418618469,-0.006168649207494187,-0.17953100991579563,False,0.008726646259971648,0.000225,0.0,0.000225,8.0,5.0
1,17.49129513213419,30.292897391107932,1.205931161063674,False,0.008726646259971648,0.000225,0.0,0.000225,8.0,5.0
2,-17.517662094152833,30.34918480116838,2.367609011235883,False,0.008726646259971648,0.000225,0.0,0.000225,8.0,5.0
3,-34.99800413541972,0.0016820395060885252,-3.030319957016504,False,0.008726646259971648,0.000225,0.0,0.000225,8.0,5.0
4,-17.486997148339587,-30.306527394305505,-1.9058541697744045,True,0.008726646259971648,0.000225,0.0,0.000225,8.0,5.0
5,17.48609778205169,-30.32568058534402,-1.3106852581550819,False,0.008726646259971648,0.000225,0.0,0.000225,8.0,5.0
