#META,"{""n_anchors"": 6, ""radius"": 35.0, ""true_pos"": [8.0, 5.0], ""sigma_theta_deg"": 0.5, ""anchor_sigma"": 0.015, ""outlier_prob"": 0.1, ""outlier_scale_deg"": 10.0, ""seed"": 124}"
id,anchor_x,anchor_y,bearing,is_outlier,sigma_theta,Sxx,Sxy,Syy,true_x,true_y
0,34.99549063877708,-0.008676962187349872,-0.15062557039497104,True,0.008726646259971648,0.000225,0.0,0.000225,8.0,5.0
1,17.483341499555223,30.293106992855815,0.9855523329348621,True,0.008726646259971648,0.000225,0.0,0.000225,8.0,5.0
2,-17.48782766036039,30.32001280758193,2.3682484547578717,False,0.008726646259971648,0.000225,0.0,0.000225,8.0,5.0
3,-35.01541357368172,0.01626039170481655,-3.0269899475867095,False,0.008726646259971648,0.000225,0.0,0.000225,8.0,5.0
4,-17.507476064369218,-30.294111281309654,-2.203364234662988,False,0.008726646259971648,0.000225,0.0,0.000225,8.0,5.0
5,17.481680716891503,-30.30728755128855,-1.3001853386542943,False,0.008726646259971648,0.000225,0.0,0.000225,8.0,5.0
