#META,"{""n_anchors"": 6, ""radius"": 35.0, ""true_pos"": [8.0, 5.0], ""sigma_theta_deg"": 0.5, ""anchor_sigma"": 0.015, ""outlier_prob"": 0.1, ""outlier_scale_deg"": 10.0, ""seed"": 67}"
id,anchor_x,anchor_y,bearing,is_outlier,sigma_theta,Sxx,Sxy,Syy,true_x,true_y
0,34.991398321136536,0.0002881630209599294,-0.17243056462483963,False,0.008726646259971648,0.000225,0.0,0.000225,8.0,5.0
1,17.498316330328993,30.305247473363284,1.2003390779500833,False,0.008726646259971648,0.000225,0.0,0.000225,8.0,5.0
2,-17.478467674595173,30.32351673651804,2.3453202464738583,False,0.008726646259971648,0.000225,0.0,0.000225,8.0,5.0
3,-34.992280381370485,0.009750692718388323,-3.0352485334016452,False,0.008726646259971648,0.000225,0.0,0.000225,8.0,5.0
4,-17.516597442388978,-30.29682656055012,-2.181117272716224,False,0.008726646259971648,0.000225,0.0,0.000225,8.0,5.0
5,17.490506511405997,-30.31401272822177,-1.3085136417741199,False,0.008726646259971648,0.000225,0.0,0.000225,8.0,5.0
