#META,"{""n_anchors"": 6, ""radius"": 35.0, ""true_pos"": [8.0, 5.0], ""sigma_theta_deg"": 0.5, ""anchor_sigma"": 0.015, ""outlier_prob"": 0.1, ""outlier_scale_deg"": 10.0, ""seed"": 68}"
id,anchor_x,anchor_y,bearing,is_outlier,sigma_theta,Sxx,Sxy,Syy,true_x,true_y
0,35.028013024689784,0.01293312974755618,-0.17008824355738472,False,0.008726646259971648,0.000225,0.0,0.000225,8.0,5.0
1,17.510657179035366,30.31110471295865,1.217475725819277,False,0.008726646259971648,0.000225,0.0,0.000225,8.0,5.0
2,-17.480175961087056,30.322994662526604,2.365126509645239,False,0.008726646259971648,0.000225,0.0,0.000225,8.0,5.0
3,-34.9993953598104,0.0048413469045378065,-3.116236124180607,True,0.008726646259971648,0.000225,0.0,0.000225,8.0,5.0
4,-17.522245709483766,-30.298247369660753,-2.2037001221101695,False,0.008726646259971648,0.000225,0.0,0.000225,8.0,5.0
5,17.50803813886591,-30.3416135813805,-1.296042100835582,False,0.008726646259971648,0.000225,0.0,0.000225,8.0,5.0
