#META,"{""n_anchors"": 6, ""radius"": 35.0, ""true_pos"": [8.0, 5.0], ""sigma_theta_deg"": 0.5, ""anchor_sigma"": 0.015, ""outlier_prob"": 0.1, ""outlier_scale_deg"": 10.0, ""seed"": 96}"
id,anchor_x,anchor_y,bearing,is_outlier,sigma_theta,Sxx,Sxy,Syy,true_x,true_y
0,34.98639179989318,0.02150303343523605,-0.18278820979670707,False,0.008726646259971648,0.000225,0.0,0.000225,8.0,5.0
1,17.48769016278736,30.283733002078534,1.2146377888466242,False,0.008726646259971648,0.000225,0.0,0.000225,8.0,5.0
2,-17.50621704770086,30.335685342457836,2.3557304353284128,False,0.008726646259971648,0.000225,0.0,0.000225,8.0,5.0
3,-35.01300169198647,0.015195250247181142,-2.766301421356858,True,0.008726646259971648,0.000225,0.0,0.000225,8.0,5.0
4,-17.507543257800766,-30.323308518679063,-2.0166162628295417,True,0.008726646259971648,0.000225,0.0,0.000225,8.0,5.0
5,17.51049951782398,-30.300452595561747,-1.309414901822309,False,0.008726646259971648,0.000225,0.0,0.000225,8.0,5.0
