#META,"{""n_anchors"": 6, ""radius"": 35.0, ""true_pos"": [8.0, 5.0], ""bearing_kappa"": 100.0, ""anchor_gnss_sigma"": 3.0, ""outlier_prob"": 0.1, ""outlier_kappa"": 2.0, ""outlier_scale_deg"": 180.0, ""marker_size"": 2.0, ""sigma_map"": 1.5}"
id,anchor_x,anchor_y,bearing,sigma_theta,Sxx,Sxy,Syx,Syy,true_x,true_y
0,46.33305844589598,8.630117623499027,1.5576972378584975,0.1,11.583333333333334,0.0,0.0,11.583333333333334,8.0,5.0
1,25.84444058027868,29.05699043148434,0.574482698568525,0.1,11.583333333333334,0.0,0.0,11.583333333333334,8.0,5.0
2,-10.934909408845892,44.719499017108696,-1.4984996099370633,0.1,11.583333333333334,0.0,0.0,11.583333333333334,8.0,5.0
3,-26.16253174955607,8.598941444537274,-0.530316564348805,0.1,11.583333333333334,0.0,0.0,11.583333333333334,8.0,5.0
4,-12.577991895240515,-29.759537878466436,-2.471618724218538,0.1,11.583333333333334,0.0,0.0,11.583333333333334,8.0,5.0
5,29.021903078007764,-27.24484292757273,2.632688667358737,0.1,11.583333333333334,0.0,0.0,11.583333333333334,8.0,5.0
