#META,"{""n_anchors"": 6, ""radius"": 35.0, ""true_pos"": [8.0, 5.0], ""sigma_theta_deg"": 0.5, ""anchor_sigma"": 0.015, ""outlier_prob"": 0.1, ""outlier_scale_deg"": 10.0, ""seed"": 84}"
id,anchor_x,anchor_y,bearing,is_outlier,sigma_theta,Sxx,Sxy,Syy,true_x,true_y
0,34.97677714441746,-0.005441836492628291,-0.19099961704249502,False,0.008726646259971648,0.000225,0.0,0.000225,8.0,5.0
1,17.464490802892033,30.326542589979056,1.2008680555201616,False,0.008726646259971648,0.000225,0.0,0.000225,8.0,5.0
2,-17.518152794288238,30.308342459698768,2.369213311617682,False,0.008726646259971648,0.000225,0.0,0.000225,8.0,5.0
3,-34.990433411400424,0.002166714625096567,-3.0333746048458776,False,0.008726646259971648,0.000225,0.0,0.000225,8.0,5.0
4,-17.5128964740181,-30.29383057478323,-2.1974153255304687,False,0.008726646259971648,0.000225,0.0,0.000225,8.0,5.0
5,17.49798114359733,-30.318710086520333,-1.3218695344650078,False,0.008726646259971648,0.000225,0.0,0.000225,8.0,5.0
