#META,"{""n_anchors"": 6, ""radius"": 35.0, ""true_pos"": [8.0, 5.0], ""bearing_kappa"": 100.0, ""anchor_gnss_sigma"": 3.0, ""outlier_prob"": 0.1, ""outlier_kappa"": 2.0, ""outlier_scale_deg"": 180.0, ""marker_size"": 2.0, ""sigma_map"": 1.5}"
id,anchor_x,anchor_y,bearing,sigma_theta,Sxx,Sxy,Syx,Syy,true_x,true_y
0,38.80972854136016,-0.9642229705954208,1.5983635284462716,0.1,11.583333333333334,0.0,0.0,11.583333333333334,8.0,5.0
1,23.57408953581167,34.846234498117454,0.5609331102658519,0.1,11.583333333333334,0.0,0.0,11.583333333333334,8.0,5.0
2,-18.650586120180897,37.680693436529815,-0.4830128270780971,0.1,11.583333333333334,0.0,0.0,11.583333333333334,8.0,5.0
3,-24.51069728712457,1.199031932163674,-1.7066724816803154,0.1,11.583333333333334,0.0,0.0,11.583333333333334,8.0,5.0
4,-7.719030330989669,-16.181425810685816,-2.384089947777116,0.1,11.583333333333334,0.0,0.0,11.583333333333334,8.0,5.0
5,27.171050882059014,-24.26432664583534,2.554127656782647,0.1,11.583333333333334,0.0,0.0,11.583333333333334,8.0,5.0
