#META,"{""n_anchors"": 6, ""radius"": 35.0, ""true_pos"": [8.0, 5.0], ""sigma_theta_deg"": 0.5, ""anchor_sigma"": 0.015, ""outlier_prob"": 0.1, ""outlier_scale_deg"": 10.0, ""seed"": 87}"
id,anchor_x,anchor_y,bearing,is_outlier,sigma_theta,Sxx,Sxy,Syy,true_x,true_y
0,35.00733429072944,-0.0019618241069080194,-0.37985294142298853,True,0.008726646259971648,0.000225,0.0,0.000225,8.0,5.0
1,17.507240654154298,30.334236208880142,1.2280216085083406,False,0.008726646259971648,0.000225,0.0,0.000225,8.0,5.0
2,-17.510074813726852,30.301972252731257,2.4924863541162408,True,0.008726646259971648,0.000225,0.0,0.000225,8.0,5.0
3,-34.987644216994234,0.0005421149339081063,-3.035716313964579,False,0.008726646259971648,0.000225,0.0,0.000225,8.0,5.0
4,-17.476240320572543,-30.32644568080538,-2.1904985164802953,False,0.008726646259971648,0.000225,0.0,0.000225,8.0,5.0
5,17.48746264586377,-30.310481667548164,-1.320261926147772,False,0.008726646259971648,0.000225,0.0,0.000225,8.0,5.0
