#META,"{""n_anchors"": 6, ""radius"": 35.0, ""true_pos"": [8.0, 5.0], ""sigma_theta_deg"": 0.5, ""anchor_sigma"": 0.015, ""outlier_prob"": 0.1, ""outlier_scale_deg"": 10.0, ""seed"": 53}"
id,anchor_x,anchor_y,bearing,is_outlier,sigma_theta,Sxx,Sxy,Syy,true_x,true_y
0,35.00157022493198,-0.012098179700824933,-0.1478302502102089,True,0.008726646259971648,0.000225,0.0,0.000225,8.0,5.0
1,17.513379596953644,30.296960871055713,1.2116664833217285,False,0.008726646259971648,0.000225,0.0,0.000225,8.0,5.0
2,-17.517035015158786,30.318591002614333,2.354001475445373,False,0.008726646259971648,0.000225,0.0,0.000225,8.0,5.0
3,-34.980214240688554,0.019137265979580872,-3.12334852360249,True,0.008726646259971648,0.000225,0.0,0.000225,8.0,5.0
4,-17.479665997022252,-30.304844731828386,-2.188601350973257,True,0.008726646259971648,0.000225,0.0,0.000225,8.0,5.0
5,17.494765663657436,-30.30222010396064,-1.3181402491860899,False,0.008726646259971648,0.000225,0.0,0.000225,8.0,5.0
