#META,"{""n_anchors"": 6, ""radius"": 35.0, ""true_pos"": [8.0, 5.0], ""sigma_theta_deg"": 0.5, ""anchor_sigma"": 0.015, ""outlier_prob"": 0.1, ""outlier_scale_deg"": 10.0, ""seed"": 130}"
id,anchor_x,anchor_y,bearing,is_outlier,sigma_theta,Sxx,Sxy,Syy,true_x,true_y
0,35.00352375758864,0.014186999758642729,-0.19807793525247552,False,0.008726646259971648,0.000225,0.0,0.000225,8.0,5.0
1,17.4888105990988,30.31406098020369,1.2079838586759895,False,0.008726646259971648,0.000225,0.0,0.000225,8.0,5.0
2,-17.49906723369287,30.332164445185793,2.3520472520360958,True,0.008726646259971648,0.000225,0.0,0.000225,8.0,5.0
3,-34.99816692532956,0.0019627996614690556,-3.035921554378624,False,0.008726646259971648,0.000225,0.0,0.000225,8.0,5.0
4,-17.517183062006406,-30.310980998530162,-2.1851157721862404,False,0.008726646259971648,0.000225,0.0,0.000225,8.0,5.0
5,17.491723043104376,-30.31223284530555,-1.3128765168739347,False,0.008726646259971648,0.000225,0.0,0.000225,8.0,5.0
