#META,"{""n_anchors"": 6, ""radius"": 35.0, ""true_pos"": [8.0, 5.0], ""sigma_theta_deg"": 0.5, ""anchor_sigma"": 0.015, ""outlier_prob"": 0.1, ""outlier_scale_deg"": 10.0, ""seed"": 55}"
id,anchor_x,anchor_y,bearing,is_outlier,sigma_theta,Sxx,Sxy,Syy,true_x,true_y
0,35.01263391974136,-0.04464166757264669,-0.1858300830057602,False,0.008726646259971648,0.000225,0.0,0.000225,8.0,5.0
1,17.495424641791114,30.332637451291333,1.208501806002051,False,0.008726646259971648,0.000225,0.0,0.000225,8.0,5.0
2,-17.518659422077842,30.31168729142109,2.3643342576402073,False,0.008726646259971648,0.000225,0.0,0.000225,8.0,5.0
3,-34.97750207569685,-0.01752307130895778,-3.037935654924773,False,0.008726646259971648,0.000225,0.0,0.000225,8.0,5.0
4,-17.487840675531174,-30.282405663838176,-2.4620552567780285,True,0.008726646259971648,0.000225,0.0,0.000225,8.0,5.0
5,17.506704463513707,-30.286451918114196,-1.5089644363962234,True,0.008726646259971648,0.000225,0.0,0.000225,8.0,5.0
