#META,"{""n_anchors"": 6, ""radius"": 35.0, ""true_pos"": [8.0, 5.0], ""sigma_theta_deg"": 0.5, ""anchor_sigma"": 0.015, ""outlier_prob"": 0.1, ""outlier_scale_deg"": 10.0, ""seed"": 123}"
id,anchor_x,anchor_y,bearing,is_outlier,sigma_theta,Sxx,Sxy,Syy,true_x,true_y
0,34.98516317974478,-0.005516799772018248,-0.1730032904436749,False,0.008726646259971648,0.000225,0.0,0.000225,8.0,5.0
1,17.519318878919343,30.31379874874234,1.2052468195297736,False,0.008726646259971648,0.000225,0.0,0.000225,8.0,5.0
2,-17.486196536505396,30.31954568932421,2.368203633530345,False,0.008726646259971648,0.000225,0.0,0.000225,8.0,5.0
3,-35.009546954695566,0.008129283306158686,-3.0248557709832657,False,0.008726646259971648,0.000225,0.0,0.000225,8.0,5.0
4,-17.5047489317675,-30.315724969197728,-2.1828922709395346,False,0.008726646259971648,0.000225,0.0,0.000225,8.0,5.0
5,17.501457509780032,-30.33377808855315,-1.3138639545820956,False,0.008726646259971648,0.000225,0.0,0.000225,8.0,5.0
