#META,"{""n_anchors"": 6, ""radius"": 35.0, ""true_pos"": [8.0, 5.0], ""sigma_theta_deg"": 0.5, ""anchor_sigma"": 0.015, ""outlier_prob"": 0.1, ""outlier_scale_deg"": 10.0, ""seed"": 119}"
id,anchor_x,anchor_y,bearing,is_outlier,sigma_theta,Sxx,Sxy,Syy,true_x,true_y
0,34.987654465641356,0.026907182861656664,-0.18944794432323597,False,0.008726646259971648,0.000225,0.0,0.000225,8.0,5.0
1,17.487508093397846,30.307410075441894,1.2092782721238908,False,0.008726646259971648,0.000225,0.0,0.000225,8.0,5.0
2,-17.497801079360435,30.31449772086332,2.3477458536923894,False,0.008726646259971648,0.000225,0.0,0.000225,8.0,5.0
3,-34.98816465040407,-0.0029380169256563466,2.8424770369191785,True,0.008726646259971648,0.000225,0.0,0.000225,8.0,5.0
4,-17.489204135236015,-30.331880258314495,-2.195418306457758,False,0.008726646259971648,0.000225,0.0,0.000225,8.0,5.0
5,17.501648640950208,-30.31207830189772,-1.1715435236703042,True,0.008726646259971648,0.000225,0.0,0.000225,8.0,5.0
