#META,"{""n_anchors"": 6, ""radius"": 35.0, ""true_pos"": [8.0, 5.0], ""bearing_kappa"": 100.0, ""anchor_gnss_sigma"": 3.0, ""outlier_prob"": 0.1, ""outlier_kappa"": 2.0, ""outlier_scale_deg"": 180.0, ""marker_size"": 2.0, ""sigma_map"": 1.5}"
id,anchor_x,anchor_y,bearing,sigma_theta,Sxx,Sxy,Syx,Syy,true_x,true_y
0,45.94307020329495,1.8648942422925934,1.6836514218620238,0.1,11.583333333333334,0.0,0.0,11.583333333333334,8.0,5.0
1,24.61342010679242,31.01514173544224,0.5361377028797465,0.1,11.583333333333334,0.0,0.0,11.583333333333334,8.0,5.0
2,-14.730640365920618,34.35819605422582,-0.4289808981995211,0.1,11.583333333333334,0.0,0.0,11.583333333333334,8.0,5.0
3,-22.60105691397947,8.858314230982954,-1.5648503875527915,0.1,11.583333333333334,0.0,0.0,11.583333333333334,8.0,5.0
4,-15.723909601068316,-25.55303216200117,-2.6755697557506046,0.1,11.583333333333334,0.0,0.0,11.583333333333334,8.0,5.0
5,25.778524599741917,-36.13048171917111,2.8365565792089473,0.1,11.583333333333334,0.0,0.0,11.583333333333334,8.0,5.0
