#META,"{""n_anchors"": 6, ""radius"": 35.0, ""true_pos"": [8.0, 5.0], ""bearing_kappa"": 100.0, ""anchor_gnss_sigma"": 3.0, ""outlier_prob"": 0.1, ""outlier_kappa"": 2.0, ""outlier_scale_deg"": 180.0, ""marker_size"": 2.0, ""sigma_map"": 1.5}"
id,anchor_x,anchor_y,bearing,sigma_theta,Sxx,Sxy,Syx,Syy,true_x,true_y
0,42.27755649269982,6.218677283236994,1.5758374872043097,0.1,11.583333333333334,0.0,0.0,11.583333333333334,8.0,5.0
1,25.47381587609595,36.41680221038311,0.6129083207445758,0.1,11.583333333333334,0.0,0.0,11.583333333333334,8.0,5.0
2,-5.089969794039441,22.991447918386086,-0.41617873679198425,0.1,11.583333333333334,0.0,0.0,11.583333333333334,8.0,5.0
3,-16.860473935661176,4.067409489814352,-1.655764874210278,0.1,11.583333333333334,0.0,0.0,11.583333333333334,8.0,5.0
4,-18.631042092309972,-29.711033605017366,-2.6743158522190322,0.1,11.583333333333334,0.0,0.0,11.583333333333334,8.0,5.0
5,22.0944514430693,-29.969999998648973,2.674389645697101,0.1,11.583333333333334,0.0,0.0,11.583333333333334,8.0,5.0
