#META,"{""n_anchors"": 6, ""radius"": 35.0, ""true_pos"": [8.0, 5.0], ""sigma_theta_deg"": 0.5, ""anchor_sigma"": 0.015, ""outlier_prob"": 0.1, ""outlier_scale_deg"": 10.0, ""seed"": 129}"
id,anchor_x,anchor_y,bearing,is_outlier,sigma_theta,Sxx,Sxy,Syy,true_x,true_y
0,35.000592420322654,-0.02576171816097191,-0.18116806569558275,False,0.008726646259971648,0.000225,0.0,0.000225,8.0,5.0
1,17.49498503275717,30.30717778232197,1.212798054034157,False,0.008726646259971648,0.000225,0.0,0.000225,8.0,5.0
2,-17.491021631664204,30.305138397453504,2.366243640526285,False,0.008726646259971648,0.000225,0.0,0.000225,8.0,5.0
3,-35.003647284435246,-0.011258243951208351,-3.013276330478431,False,0.008726646259971648,0.000225,0.0,0.000225,8.0,5.0
4,-17.511540824700035,-30.301966657982792,-2.199040032552868,False,0.008726646259971648,0.000225,0.0,0.000225,8.0,5.0
5,17.512953623523153,-30.282956541867662,-1.3297757004956512,False,0.008726646259971648,0.000225,0.0,0.000225,8.0,5.0
