#META,"{""n_anchors"": 6, ""radius"": 35.0, ""true_pos"": [8.0, 5.0], ""sigma_theta_deg"": 0.5, ""anchor_sigma"": 0.015, ""outlier_prob"": 0.1, ""outlier_scale_deg"": 10.0, ""seed"": 128}"
id,anchor_x,anchor_y,bearing,is_outlier,sigma_theta,Sxx,Sxy,Syy,true_x,true_y
0,35.005137806083,-0.024164818366583258,-0.18195705917905958,False,0.008726646259971648,0.000225,0.0,0.000225,8.0,5.0
1,17.487725203025384,30.31931470929185,1.2916314450522117,True,0.008726646259971648,0.000225,0.0,0.000225,8.0,5.0
2,-17.477086443038022,30.306650185378537,2.3467997114505206,False,0.008726646259971648,0.000225,0.0,0.000225,8.0,5.0
3,-34.98832461379647,0.018576592260736543,-3.0263140883380517,False,0.008726646259971648,0.000225,0.0,0.000225,8.0,5.0
4,-17.501857617412696,-30.30053692177782,-2.207135849031734,False,0.008726646259971648,0.000225,0.0,0.000225,8.0,5.0
5,17.520439896507046,-30.284924090310177,-1.2988076170427807,False,0.008726646259971648,0.000225,0.0,0.000225,8.0,5.0
