#META,"{""n_anchors"": 6, ""radius"": 35.0, ""true_pos"": [8.0, 5.0], ""bearing_kappa"": 100.0, ""anchor_gnss_sigma"": 3.0, ""outlier_prob"": 0.1, ""outlier_kappa"": 2.0, ""outlier_scale_deg"": 180.0, ""marker_size"": 2.0, ""sigma_map"": 1.5}"
id,anchor_x,anchor_y,bearing,sigma_theta,Sxx,Sxy,Syx,Syy,true_x,true_y
0,53.5041868918055,6.850641551070456,1.566418436576459,0.1,11.583333333333334,0.0,0.0,11.583333333333334,8.0,5.0
1,24.329730879380243,27.517063578984665,0.5194251457987216,0.1,11.583333333333334,0.0,0.0,11.583333333333334,8.0,5.0
2,-8.503775209904681,36.61199453838143,-0.4943267276379242,0.1,11.583333333333334,0.0,0.0,11.583333333333334,8.0,5.0
3,-20.86892179888535,5.275136485053743,-1.5988723568449865,0.1,11.583333333333334,0.0,0.0,11.583333333333334,8.0,5.0
4,-10.262723808604033,-24.340043405935557,-2.7362279473298425,0.1,11.583333333333334,0.0,0.0,11.583333333333334,8.0,5.0
5,31.377036110386094,-26.071434856397495,-3.0128848686903664,0.1,11.583333333333334,0.0,0.0,11.583333333333334,8.0,5.0
