#META,"{""n_anchors"": 6, ""radius"": 35.0, ""true_pos"": [8.0, 5.0], ""sigma_theta_deg"": 0.5, ""anchor_sigma"": 0.015, ""outlier_prob"": 0.1, ""outlier_scale_deg"": 10.0, ""seed"": 127}"
id,anchor_x,anchor_y,bearing,is_outlier,sigma_theta,Sxx,Sxy,Syy,true_x,true_y
0,34.97582862369199,-0.027481285813886643,-0.1872693312942202,False,0.008726646259971648,0.000225,0.0,0.000225,8.0,5.0
1,17.506877410611466,30.303634598082787,1.217849995421342,False,0.008726646259971648,0.000225,0.0,0.000225,8.0,5.0
2,-17.525751805671874,30.335027211533234,2.175995366630543,True,0.008726646259971648,0.000225,0.0,0.000225,8.0,5.0
3,-34.98311233942683,-0.019088569860891264,-3.03045030120143,False,0.008726646259971648,0.000225,0.0,0.000225,8.0,5.0
4,-17.503920735451505,-30.321386598416225,-2.207209093454448,False,0.008726646259971648,0.000225,0.0,0.000225,8.0,5.0
5,17.5071931074333,-30.317623365745117,-1.2996609360210076,False,0.008726646259971648,0.000225,0.0,0.000225,8.0,5.0
