#META,"{""n_anchors"": 6, ""radius"": 35.0, ""true_pos"": [8.0, 5.0], ""sigma_theta_deg"": 0.5, ""anchor_sigma"": 0.015, ""outlier_prob"": 0.1, ""outlier_scale_deg"": 10.0, ""seed"": 61}"
id,anchor_x,anchor_y,bearing,is_outlier,sigma_theta,Sxx,Sxy,Syy,true_x,true_y
0,34.99149854345806,-0.015848612720485933,-0.17344825205290437,False,0.008726646259971648,0.000225,0.0,0.000225,8.0,5.0
1,17.515931198904493,30.29394884998842,1.217466872258517,False,0.008726646259971648,0.000225,0.0,0.000225,8.0,5.0
2,-17.526691079621425,30.320713475970685,2.3743110072010936,False,0.008726646259971648,0.000225,0.0,0.000225,8.0,5.0
3,-34.98738123181399,-0.014236652971321423,-3.0183367432339656,False,0.008726646259971648,0.000225,0.0,0.000225,8.0,5.0
4,-17.508479954911504,-30.269193223288006,-2.2005148337928198,False,0.008726646259971648,0.000225,0.0,0.000225,8.0,5.0
5,17.484738424700158,-30.318475969306032,-1.3074038891274906,False,0.008726646259971648,0.000225,0.0,0.000225,8.0,5.0
