#META,"{""n_anchors"": 6, ""radius"": 35.0, ""true_pos"": [8.0, 5.0], ""sigma_theta_deg"": 0.5, ""anchor_sigma"": 0.015, ""outlier_prob"": 0.1, ""outlier_scale_deg"": 10.0, ""seed"": 77}"
id,anchor_x,anchor_y,bearing,is_outlier,sigma_theta,Sxx,Sxy,Syy,true_x,true_y
0,35.00641654946307,-0.008562563353296682,-0.18259772799155272,False,0.008726646259971648,0.000225,0.0,0.000225,8.0,5.0
1,17.539816910345955,30.28676095816239,1.217857494082855,False,0.008726646259971648,0.000225,0.0,0.000225,8.0,5.0
2,-17.49007426507503,30.30873774329567,2.3435037630492204,False,0.008726646259971648,0.000225,0.0,0.000225,8.0,5.0
3,-35.00531759582707,0.0159953821818019,-3.0370259499706944,False,0.008726646259971648,0.000225,0.0,0.000225,8.0,5.0
4,-17.527268830009127,-30.325659275606675,-2.1880864772692883,False,0.008726646259971648,0.000225,0.0,0.000225,8.0,5.0
5,17.498287597833116,-30.284770024905104,-1.3133220308171538,False,0.008726646259971648,0.000225,0.0,0.000225,8.0,5.0
