#META,"{""n_anchors"": 6, ""radius"": 35.0, ""true_pos"": [8.0, 5.0], ""sigma_theta_deg"": 0.5, ""anchor_sigma"": 0.015, ""outlier_prob"": 0.1, ""outlier_scale_deg"": 10.0, ""seed"": 58}"
id,anchor_x,anchor_y,bearing,is_outlier,sigma_theta,Sxx,Sxy,Syy,true_x,true_y
0,34.99137398988176,0.0013809560447488336,-0.1900481846434401,False,0.008726646259971648,0.000225,0.0,0.000225,8.0,5.0
1,17.468323431561664,30.289933448030634,1.206184785226477,False,0.008726646259971648,0.000225,0.0,0.000225,8.0,5.0
2,-17.511347977422137,30.307555207132875,2.359644893359931,False,0.008726646259971648,0.000225,0.0,0.000225,8.0,5.0
3,-34.98893240572145,0.0016870535940317064,-3.088050585468832,True,0.008726646259971648,0.000225,0.0,0.000225,8.0,5.0
4,-17.506400404450456,-30.315650959667117,-2.204872268369412,False,0.008726646259971648,0.000225,0.0,0.000225,8.0,5.0
5,17.496734874564435,-30.315568967922083,-0.9241752452713623,True,0.008726646259971648,0.000225,0.0,0.000225,8.0,5.0
