#META,"{""n_anchors"": 6, ""radius"": 35.0, ""true_pos"": [8.0, 5.0], ""bearing_kappa"": 100.0, ""anchor_gnss_sigma"": 3.0, ""outlier_prob"": 0.1, ""outlier_kappa"": 2.0, ""outlier_scale_deg"": 180.0, ""marker_size"": 2.0, ""sigma_map"": 1.5}"
id,anchor_x,anchor_y,bearing,sigma_theta,Sxx,Sxy,Syx,Syy,true_x,true_y
0,43.5182009097775,9.125287436229357,1.574711890665709,0.1,11.583333333333334,0.0,0.0,11.583333333333334,8.0,5.0
1,24.0807557119496,24.678265554028933,0.5028985339325227,0.1,11.583333333333334,0.0,0.0,11.583333333333334,8.0,5.0
2,-16.144606354333778,36.58701271798297,-0.4309383145013772,0.1,11.583333333333334,0.0,0.0,11.583333333333334,8.0,5.0
3,-21.631623853301363,4.620213502316839,-1.7780292855194055,0.1,11.583333333333334,0.0,0.0,11.583333333333334,8.0,5.0
4,-8.783702206259314,-27.553470057718854,-2.5509705335834676,0.1,11.583333333333334,0.0,0.0,11.583333333333334,8.0,5.0
5,22.800053183706638,-23.770457764817873,2.859692731678349,0.1,11.583333333333334,0.0,0.0,11.583333333333334,8.0,5.0
