#META,"{""n_anchors"": 6, ""radius"": 35.0, ""true_pos"": [8.0, 5.0], ""sigma_theta_deg"": 0.5, ""anchor_sigma"": 0.015, ""outlier_prob"": 0.1, ""outlier_scale_deg"": 10.0, ""seed"": 75}"
id,anchor_x,anchor_y,bearing,is_outlier,sigma_theta,Sxx,Sxy,Syy,true_x,true_y
0,34.983372308420165,0.005945703120964472,-0.18066397163894532,False,0.008726646259971648,0.000225,0.0,0.000225,8.0,5.0
1,17.506092863573006,30.317431513894658,1.2101850544255832,False,0.008726646259971648,0.000225,0.0,0.000225,8.0,5.0
2,-17.492349473574063,30.31125987862809,2.3737126658834775,False,0.008726646259971648,0.000225,0.0,0.000225,8.0,5.0
3,-34.99331875308743,0.01594414243193836,-3.03746401130854,False,0.008726646259971648,0.000225,0.0,0.000225,8.0,5.0
4,-17.47225132440416,-30.313159854191674,-2.2001837415794228,False,0.008726646259971648,0.000225,0.0,0.000225,8.0,5.0
5,17.487785053749455,-30.332022759017473,-1.3162493666086401,False,0.008726646259971648,0.000225,0.0,0.000225,8.0,5.0
