#META,"{""n_anchors"": 6, ""radius"": 35.0, ""true_pos"": [8.0, 5.0], ""sigma_theta_deg"": 0.5, ""anchor_sigma"": 0.015, ""outlier_prob"": 0.1, ""outlier_scale_deg"": 10.0, ""seed"": 133}"
id,anchor_x,anchor_y,bearing,is_outlier,sigma_theta,Sxx,Sxy,Syy,true_x,true_y
0,34.97900971699728,0.0014575447609550996,-0.17298474005849895,False,0.008726646259971648,0.000225,0.0,0.000225,8.0,5.0
1,17.483428671996133,30.292443498158416,1.23712816724849,False,0.008726646259971648,0.000225,0.0,0.000225,8.0,5.0
2,-17.47816943327322,30.32272471879687,2.372799235269321,False,0.008726646259971648,0.000225,0.0,0.000225,8.0,5.0
3,-35.01468161992851,-0.02846869597853902,-3.0253668106234852,False,0.008726646259971648,0.000225,0.0,0.000225,8.0,5.0
4,-17.48351922798824,-30.29401575648958,-2.1925045050783996,False,0.008726646259971648,0.000225,0.0,0.000225,8.0,5.0
5,17.500339592214473,-30.318343072864746,-1.3183098149808574,False,0.008726646259971648,0.000225,0.0,0.000225,8.0,5.0
