#META,"{""n_anchors"": 6, ""radius"": 35.0, ""true_pos"": [8.0, 5.0], ""sigma_theta_deg"": 0.5, ""anchor_sigma"": 0.015, ""outlier_prob"": 0.1, ""outlier_scale_deg"": 10.0, ""seed"": 43}"
id,anchor_x,anchor_y,bearing,is_outlier,sigma_theta,Sxx,Sxy,Syy,true_x,true_y
0,35.00366344260008,0.010172674801182838,-0.18757309892153806,False,0.008726646259971648,0.000225,0.0,0.000225,8.0,5.0
1,17.491217059279723,30.29725903560847,1.2087485051801945,False,0.008726646259971648,0.000225,0.0,0.000225,8.0,5.0
2,-17.529877573166814,30.32546347718515,2.353244666640956,False,0.008726646259971648,0.000225,0.0,0.000225,8.0,5.0
3,-34.99975014049136,0.003085970174206708,-3.025671763615011,False,0.008726646259971648,0.000225,0.0,0.000225,8.0,5.0
4,-17.511753923147598,-30.292491662016054,-2.202081623493344,False,0.008726646259971648,0.000225,0.0,0.000225,8.0,5.0
5,17.514148008665146,-30.31271649067768,-1.302510166694377,False,0.008726646259971648,0.000225,0.0,0.000225,8.0,5.0
