#META,"{""n_anchors"": 6, ""radius"": 35.0, ""true_pos"": [8.0, 5.0], ""bearing_kappa"": 100.0, ""anchor_gnss_sigma"": 3.0, ""outlier_prob"": 0.1, ""outlier_kappa"": 2.0, ""outlier_scale_deg"": 180.0, ""marker_size"": 2.0, ""sigma_map"": 1.5}"
id,anchor_x,anchor_y,bearing,sigma_theta,Sxx,Sxy,Syx,Syy,true_x,true_y
0,47.04282788273874,4.161304655399674,1.5871943362986567,0.1,11.583333333333334,0.0,0.0,11.583333333333334,8.0,5.0
1,23.575859981829478,39.60047295745231,0.49239310390688074,0.1,11.583333333333334,0.0,0.0,11.583333333333334,8.0,5.0
2,-6.229135009340981,38.015123638690234,-0.5908231773117283,0.1,11.583333333333334,0.0,0.0,11.583333333333334,8.0,5.0
3,-30.708976328461873,6.865125463571072,-1.5510534292610698,0.1,11.583333333333334,0.0,0.0,11.583333333333334,8.0,5.0
4,-6.183877852624219,-21.348853251269347,0.7206985502372243,0.1,11.583333333333334,0.0,0.0,11.583333333333334,8.0,5.0
5,27.034353320448034,-29.60850553461971,2.669382635859578,0.1,11.583333333333334,0.0,0.0,11.583333333333334,8.0,5.0
