#META,"{""n_anchors"": 6, ""radius"": 35.0, ""true_pos"": [8.0, 5.0], ""sigma_theta_deg"": 0.5, ""anchor_sigma"": 0.015, ""outlier_prob"": 0.1, ""outlier_scale_deg"": 10.0, ""seed"": 73}"
id,anchor_x,anchor_y,bearing,is_outlier,sigma_theta,Sxx,Sxy,Syy,true_x,true_y
0,34.98360041141716,0.011671317482394371,-0.19014387912537556,False,0.008726646259971648,0.000225,0.0,0.000225,8.0,5.0
1,17.49427584541718,30.31532719889975,1.2242597743608519,False,0.008726646259971648,0.000225,0.0,0.000225,8.0,5.0
2,-17.494953366450673,30.281687332657835,2.4220613919048066,True,0.008726646259971648,0.000225,0.0,0.000225,8.0,5.0
3,-34.99247936622579,-0.014492762772551633,-3.0269348171962442,False,0.008726646259971648,0.000225,0.0,0.000225,8.0,5.0
4,-17.518662552680833,-30.294147194681408,-2.399444985680515,True,0.008726646259971648,0.000225,0.0,0.000225,8.0,5.0
5,17.475807626660906,-30.33472188343777,-1.3154204673445127,False,0.008726646259971648,0.000225,0.0,0.000225,8.0,5.0
