#META,"{""n_anchors"": 6, ""radius"": 35.0, ""true_pos"": [8.0, 5.0], ""sigma_theta_deg"": 0.5, ""anchor_sigma"": 0.015, ""outlier_prob"": 0.1, ""outlier_scale_deg"": 10.0, ""seed"": 60}"
id,anchor_x,anchor_y,bearing,is_outlier,sigma_theta,Sxx,Sxy,Syy,true_x,true_y
0,34.98423163469714,-0.005429811413048529,-0.17633016941913837,False,0.008726646259971648,0.000225,0.0,0.000225,8.0,5.0
1,17.51217438879515,30.29212067023354,1.213705357680836,False,0.008726646259971648,0.000225,0.0,0.000225,8.0,5.0
2,-17.519138457194764,30.326995823977143,2.3756643394991936,False,0.008726646259971648,0.000225,0.0,0.000225,8.0,5.0
3,-34.98229751604181,0.02615167819704493,-3.020228228889798,False,0.008726646259971648,0.000225,0.0,0.000225,8.0,5.0
4,-17.502653080532802,-30.296672812839663,-2.4195141846162844,True,0.008726646259971648,0.000225,0.0,0.000225,8.0,5.0
5,17.508034436487744,-30.307322068436097,-1.300595194931542,False,0.008726646259971648,0.000225,0.0,0.000225,8.0,5.0
