#META,"{""n_anchors"": 6, ""radius"": 35.0, ""true_pos"": [8.0, 5.0], ""sigma_theta_deg"": 0.5, ""anchor_sigma"": 0.015, ""outlier_prob"": 0.1, ""outlier_scale_deg"": 10.0, ""seed"": 104}"
id,anchor_x,anchor_y,bearing,is_outlier,sigma_theta,Sxx,Sxy,Syy,true_x,true_y
0,35.008431749820325,0.008403007792102436,-0.18352411529149393,False,0.008726646259971648,0.000225,0.0,0.000225,8.0,5.0
1,17.490663149119463,30.310741906788408,1.219740020304946,False,0.008726646259971648,0.000225,0.0,0.000225,8.0,5.0
2,-17.49999193102304,30.31175054398476,2.3665436686543035,False,0.008726646259971648,0.000225,0.0,0.000225,8.0,5.0
3,-34.967258970276156,-0.004257698776701658,-3.0341526672739842,False,0.008726646259971648,0.000225,0.0,0.000225,8.0,5.0
4,-17.504377622151885,-30.317760434188948,-2.1803891786371543,False,0.008726646259971648,0.000225,0.0,0.000225,8.0,5.0
5,17.515540126686993,-30.31708196052771,-1.0624322179234844,True,0.008726646259971648,0.000225,0.0,0.000225,8.0,5.0
