#META,"{""n_anchors"": 6, ""radius"": 35.0, ""true_pos"": [8.0, 5.0], ""sigma_theta_deg"": 0.5, ""anchor_sigma"": 0.015, ""outlier_prob"": 0.1, ""outlier_scale_deg"": 10.0, ""seed"": 93}"
id,anchor_x,anchor_y,bearing,is_outlier,sigma_theta,Sxx,Sxy,Syy,true_x,true_y
0,35.01660882792304,-0.012186429702664113,-0.19192283414257982,False,0.008726646259971648,0.000225,0.0,0.000225,8.0,5.0
1,17.517679992861957,30.32036569894771,1.2065397672205478,False,0.008726646259971648,0.000225,0.0,0.000225,8.0,5.0
2,-17.491324346347003,30.29991911281841,2.36964480234983,False,0.008726646259971648,0.000225,0.0,0.000225,8.0,5.0
3,-35.017484215729006,0.012600072426256591,-3.014241438433146,False,0.008726646259971648,0.000225,0.0,0.000225,8.0,5.0
4,-17.496753495089052,-30.29551646459137,-2.186085105438482,False,0.008726646259971648,0.000225,0.0,0.000225,8.0,5.0
5,17.526002717779996,-30.30017204145937,-1.3041777276353927,False,0.008726646259971648,0.000225,0.0,0.000225,8.0,5.0
