#META,"{""n_anchors"": 6, ""radius"": 35.0, ""true_pos"": [8.0, 5.0], ""sigma_theta_deg"": 0.5, ""anchor_sigma"": 0.015, ""outlier_prob"": 0.1, ""outlier_scale_deg"": 10.0, ""seed"": 48}"
id,anchor_x,anchor_y,bearing,is_outlier,sigma_theta,Sxx,Sxy,Syy,true_x,true_y
0,34.99538562160917,0.020243868980542513,-0.19161945510315626,False,0.008726646259971648,0.000225,0.0,0.000225,8.0,5.0
1,17.502892398184414,30.331987501875123,1.211574743777705,False,0.008726646259971648,0.000225,0.0,0.000225,8.0,5.0
2,-17.497566909805094,30.2956099416329,2.376791778174793,True,0.008726646259971648,0.000225,0.0,0.000225,8.0,5.0
3,-34.987093250947765,-0.009590840682215442,-3.013876493813847,False,0.008726646259971648,0.000225,0.0,0.000225,8.0,5.0
4,-17.493794567848905,-30.293337157260634,-2.1914243700495155,False,0.008726646259971648,0.000225,0.0,0.000225,8.0,5.0
5,17.511011191504355,-30.305661548470578,-1.3001393276638278,False,0.008726646259971648,0.000225,0.0,0.000225,8.0,5.0
