#META,"{""n_anchors"": 6, ""radius"": 35.0, ""true_pos"": [8.0, 5.0], ""sigma_theta_deg"": 0.5, ""anchor_sigma"": 0.015, ""outlier_prob"": 0.1, ""outlier_scale_deg"": 10.0, ""seed"": 83}"
id,anchor_x,anchor_y,bearing,is_outlier,sigma_theta,Sxx,Sxy,Syy,true_x,true_y
0,34.977996053809115,-0.006294571489794234,-0.17576111744666445,False,0.008726646259971648,0.000225,0.0,0.000225,8.0,5.0
1,17.499391468741837,30.316781094127972,1.2073202373276883,False,0.008726646259971648,0.000225,0.0,0.000225,8.0,5.0
2,-17.515519706231416,30.32869920710792,2.3664744689278807,False,0.008726646259971648,0.000225,0.0,0.000225,8.0,5.0
3,-34.99673767961423,-0.00798976494285631,-3.0273562449204943,False,0.008726646259971648,0.000225,0.0,0.000225,8.0,5.0
4,-17.52292643475813,-30.320930035648768,-2.1839093605989346,False,0.008726646259971648,0.000225,0.0,0.000225,8.0,5.0
5,17.510505483996663,-30.302733084173404,-1.271964298865894,True,0.008726646259971648,0.000225,0.0,0.000225,8.0,5.0
