#META,"{""n_anchors"": 6, ""radius"": 35.0, ""true_pos"": [8.0, 5.0], ""bearing_kappa"": 100.0, ""anchor_gnss_sigma"": 3.0, ""outlier_prob"": 0.1, ""outlier_kappa"": 2.0, ""outlier_scale_deg"": 180.0, ""marker_size"": 2.0, ""sigma_map"": 1.5}"
id,anchor_x,anchor_y,bearing,sigma_theta,Sxx,Sxy,Syx,Syy,true_x,true_y
0,44.70296013767546,12.116033461582088,1.3228973722821769,0.1,11.583333333333334,0.0,0.0,11.583333333333334,8.0,5.0
1,23.85665954548081,35.896864919998016,0.5822215264224289,0.1,11.583333333333334,0.0,0.0,11.583333333333334,8.0,5.0
2,-9.997976399590735,32.23896947052832,-2.437559945399414,0.1,11.583333333333334,0.0,0.0,11.583333333333334,8.0,5.0
3,-35.13964126611899,5.819544347248821,-1.5388357387340683,0.1,11.583333333333334,0.0,0.0,11.583333333333334,8.0,5.0
4,-17.402684089932706,-34.14870516338954,-2.6036163313899063,0.1,11.583333333333334,0.0,0.0,11.583333333333334,8.0,5.0
5,18.14049967923972,-17.230913700137712,2.8146477753525865,0.1,11.583333333333334,0.0,0.0,11.583333333333334,8.0,5.0
