#META,"{""n_anchors"": 6, ""radius"": 35.0, ""true_pos"": [8.0, 5.0], ""bearing_kappa"": 100.0, ""anchor_gnss_sigma"": 3.0, ""outlier_prob"": 0.1, ""outlier_kappa"": 2.0, ""outlier_scale_deg"": 180.0, ""marker_size"": 2.0, ""sigma_map"": 1.5}"
id,anchor_x,anchor_y,bearing,sigma_theta,Sxx,Sxy,Syx,Syy,true_x,true_y
0,53.047628428331514,8.481226759630863,1.497537411373318,0.1,11.583333333333334,0.0,0.0,11.583333333333334,8.0,5.0
1,22.424718127351873,38.19652067055703,0.44917112693367667,0.1,11.583333333333334,0.0,0.0,11.583333333333334,8.0,5.0
2,-12.034286376298367,34.41870723217909,-0.40290870532996337,0.1,11.583333333333334,0.0,0.0,11.583333333333334,8.0,5.0
3,-22.096806297264344,6.687381165501991,-1.589888841790728,0.1,11.583333333333334,0.0,0.0,11.583333333333334,8.0,5.0
4,-7.252611057725647,-19.98505793067011,-2.2580561524406324,0.1,11.583333333333334,0.0,0.0,11.583333333333334,8.0,5.0
5,24.53641443023975,-33.37672797888129,2.796175406490315,0.1,11.583333333333334,0.0,0.0,11.583333333333334,8.0,5.0
