#META,"{""n_anchors"": 6, ""radius"": 35.0, ""true_pos"": [8.0, 5.0], ""sigma_theta_deg"": 0.5, ""anchor_sigma"": 0.015, ""outlier_prob"": 0.1, ""outlier_scale_deg"": 10.0, ""seed"": 65}"
id,anchor_x,anchor_y,bearing,is_outlier,sigma_theta,Sxx,Sxy,Syy,true_x,true_y
0,34.98331231943218,0.0029319200107269646,-0.18387304267432958,False,0.008726646259971648,0.000225,0.0,0.000225,8.0,5.0
1,17.5186102303743,30.287374914358747,1.2207966909228993,False,0.008726646259971648,0.000225,0.0,0.000225,8.0,5.0
2,-17.509558667751698,30.29956353574742,2.3581145747523076,False,0.008726646259971648,0.000225,0.0,0.000225,8.0,5.0
3,-34.99869018793874,0.0025540853657538467,-3.0373684789153583,False,0.008726646259971648,0.000225,0.0,0.000225,8.0,5.0
4,-17.518848364235062,-30.306875506892002,-2.191853417878134,False,0.008726646259971648,0.000225,0.0,0.000225,8.0,5.0
5,17.510255609461794,-30.28322060701611,-1.1471953408426159,True,0.008726646259971648,0.000225,0.0,0.000225,8.0,5.0
