#META,"{""n_anchors"": 6, ""radius"": 35.0, ""true_pos"": [8.0, 5.0], ""bearing_kappa"": 100.0, ""anchor_gnss_sigma"": 3.0, ""outlier_prob"": 0.1, ""outlier_kappa"": 2.0, ""outlier_scale_deg"": 180.0, ""marker_size"": 2.0, ""sigma_map"": 1.5}"
id,anchor_x,anchor_y,bearing,sigma_theta,Sxx,Sxy,Syx,Syy,true_x,true_y
0,41.67655511335823,5.178485432967157,1.4445927576724795,0.1,11.583333333333334,0.0,0.0,11.583333333333334,8.0,5.0
1,25.335640202853686,30.951124524418553,0.6593256752991477,0.1,11.583333333333334,0.0,0.0,11.583333333333334,8.0,5.0
2,-8.469191878672124,32.33284078837956,-0.5341964101759338,0.1,11.583333333333334,0.0,0.0,11.583333333333334,8.0,5.0
3,-25.741395531038144,1.3459024265152837,-1.6828604185701304,0.1,11.583333333333334,0.0,0.0,11.583333333333334,8.0,5.0
4,-5.710240811768799,-22.45415757278625,-2.662541742868571,0.1,11.583333333333334,0.0,0.0,11.583333333333334,8.0,5.0
5,27.2546640017918,-26.21427341463716,1.6993179526092081,0.1,11.583333333333334,0.0,0.0,11.583333333333334,8.0,5.0
