#META,"{""n_anchors"": 6, ""radius"": 35.0, ""true_pos"": [8.0, 5.0], ""bearing_kappa"": 100.0, ""anchor_gnss_sigma"": 3.0, ""outlier_prob"": 0.1, ""outlier_kappa"": 2.0, ""outlier_scale_deg"": 180.0, ""marker_size"": 2.0, ""sigma_map"": 1.5}"
id,anchor_x,anchor_y,bearing,sigma_theta,Sxx,Sxy,Syx,Syy,true_x,true_y
0,51.38139602664142,5.32178602108506,1.3623168971633381,0.1,11.583333333333334,0.0,0.0,11.583333333333334,8.0,5.0
1,25.855410591443786,36.447874929313926,0.43183523538774615,0.1,11.583333333333334,0.0,0.0,11.583333333333334,8.0,5.0
2,-7.780366159406374,26.62785456184938,-0.5163786979988956,0.1,11.583333333333334,0.0,0.0,11.583333333333334,8.0,5.0
3,-33.986402055382335,10.168833895208712,-1.4810369209020386,0.1,11.583333333333334,0.0,0.0,11.583333333333334,8.0,5.0
4,-7.922043682222152,-27.764656969580376,-2.7213646446503024,0.1,11.583333333333334,0.0,0.0,11.583333333333334,8.0,5.0
5,32.342935871444695,-22.778221181359076,2.469558503509038,0.1,11.583333333333334,0.0,0.0,11.583333333333334,8.0,5.0
