#META,"{""n_anchors"": 6, ""radius"": 35.0, ""true_pos"": [8.0, 5.0], ""sigma_theta_deg"": 0.5, ""anchor_sigma"": 0.015, ""outlier_prob"": 0.1, ""outlier_scale_deg"": 10.0, ""seed"": 134}"
id,anchor_x,anchor_y,bearing,is_outlier,sigma_theta,Sxx,Sxy,Syy,true_x,true_y
0,35.01586558523038,-0.0006088044092478514,-0.4805685633176986,True,0.008726646259971648,0.000225,0.0,0.000225,8.0,5.0
1,17.50623538264429,30.304302267283948,1.2144410030834223,False,0.008726646259971648,0.000225,0.0,0.000225,8.0,5.0
2,-17.508293559248113,30.296085036663023,2.3617222777169395,False,0.008726646259971648,0.000225,0.0,0.000225,8.0,5.0
3,-34.99978024250018,-0.00305603380043719,-3.0369186042557894,True,0.008726646259971648,0.000225,0.0,0.000225,8.0,5.0
4,-17.514082718213256,-30.302686213816013,-2.200810533201357,False,0.008726646259971648,0.000225,0.0,0.000225,8.0,5.0
5,17.477890480575816,-30.329189633631426,-1.3182418693958902,False,0.008726646259971648,0.000225,0.0,0.000225,8.0,5.0
