#META,"{""n_anchors"": 6, ""radius"": 35.0, ""true_pos"": [8.0, 5.0], ""sigma_theta_deg"": 0.5, ""anchor_sigma"": 0.015, ""outlier_prob"": 0.1, ""outlier_scale_deg"": 10.0, ""seed"": 50}"
id,anchor_x,anchor_y,bearing,is_outlier,sigma_theta,Sxx,Sxy,Syy,true_x,true_y
0,35.00729572106048,-0.0071608796782518195,-0.7217208778414541,True,0.008726646259971648,0.000225,0.0,0.000225,8.0,5.0
1,17.510040094294816,30.290079714286474,1.2111329001990168,False,0.008726646259971648,0.000225,0.0,0.000225,8.0,5.0
2,-17.475011673555116,30.308025159697323,2.3359224332046447,False,0.008726646259971648,0.000225,0.0,0.000225,8.0,5.0
3,-34.99198476709587,0.01164827678506352,-3.039668740776328,False,0.008726646259971648,0.000225,0.0,0.000225,8.0,5.0
4,-17.49632874448133,-30.30819197612638,-2.1987614095947676,False,0.008726646259971648,0.000225,0.0,0.000225,8.0,5.0
5,17.479876229658842,-30.313618851155493,-1.4435759879200452,True,0.008726646259971648,0.000225,0.0,0.000225,8.0,5.0
