#META,"{""n_anchors"": 6, ""radius"": 35.0, ""true_pos"": [8.0, 5.0], ""sigma_theta_deg"": 0.5, ""anchor_sigma"": 0.015, ""outlier_prob"": 0.1, ""outlier_scale_deg"": 10.0, ""seed"": 85}"
id,anchor_x,anchor_y,bearing,is_outlier,sigma_theta,Sxx,Sxy,Syy,true_x,true_y
0,35.01943555834658,-0.01665796904969859,-0.19383315631796227,False,0.008726646259971648,0.000225,0.0,0.000225,8.0,5.0
1,17.486069114632812,30.29705784419341,1.2284277954084706,False,0.008726646259971648,0.000225,0.0,0.000225,8.0,5.0
2,-17.5014846531227,30.316671557673754,2.355868986663336,False,0.008726646259971648,0.000225,0.0,0.000225,8.0,5.0
3,-34.9935024989462,0.00430086355214082,-3.0378644947979487,False,0.008726646259971648,0.000225,0.0,0.000225,8.0,5.0
4,-17.5138593857383,-30.316055780701372,-2.2038439126288347,False,0.008726646259971648,0.000225,0.0,0.000225,8.0,5.0
5,17.502943939697264,-30.314982289382332,-1.3174666393121435,False,0.008726646259971648,0.000225,0.0,0.000225,8.0,5.0
