#META,"{""n_anchors"": 6, ""radius"": 35.0, ""true_pos"": [8.0, 5.0], ""sigma_theta_deg"": 0.5, ""anchor_sigma"": 0.015, ""outlier_prob"": 0.1, ""outlier_scale_deg"": 10.0, ""seed"": 121}"
id,anchor_x,anchor_y,bearing,is_outlier,sigma_theta,Sxx,Sxy,Syy,true_x,true_y
0,34.99633211161387,-0.008670165324267804,-0.1972575419508913,False,0.008726646259971648,0.000225,0.0,0.000225,8.0,5.0
1,17.503898827696943,30.294743168349328,1.1997030663566761,True,0.008726646259971648,0.000225,0.0,0.000225,8.0,5.0
2,-17.477966278334247,30.319762704488394,2.36530549741218,False,0.008726646259971648,0.000225,0.0,0.000225,8.0,5.0
3,-34.98549265526922,-0.003842140415012891,-3.0339453931013254,False,0.008726646259971648,0.000225,0.0,0.000225,8.0,5.0
4,-17.46445125272738,-30.31643952646921,-2.2149293298438923,False,0.008726646259971648,0.000225,0.0,0.000225,8.0,5.0
5,17.491186609719758,-30.29911568682528,-1.3089534726448404,False,0.008726646259971648,0.000225,0.0,0.000225,8.0,5.0
