#META,"{""n_anchors"": 6, ""radius"": 35.0, ""true_pos"": [8.0, 5.0], ""bearing_kappa"": 100.0, ""anchor_gnss_sigma"": 3.0, ""outlier_prob"": 0.1, ""outlier_kappa"": 2.0, ""outlier_scale_deg"": 180.0, ""marker_size"": 2.0, ""sigma_map"": 1.5}"
id,anchor_x,anchor_y,bearing,sigma_theta,Sxx,Sxy,Syx,Syy,true_x,true_y
0,46.20635600672444,0.17842107383924688,1.4957846857041854,0.1,11.583333333333334,0.0,0.0,11.583333333333334,8.0,5.0
1,19.98756749945795,34.791299566160106,0.4585943486390711,0.1,11.583333333333334,0.0,0.0,11.583333333333334,8.0,5.0
2,-13.974512672447572,34.78665963306341,-0.649165843426502,0.1,11.583333333333334,0.0,0.0,11.583333333333334,8.0,5.0
3,-30.62469801940908,6.402984685455395,-1.5708241698110648,0.1,11.583333333333334,0.0,0.0,11.583333333333334,8.0,5.0
4,-9.052397223412244,-27.08351617865555,-2.4498612946561957,0.1,11.583333333333334,0.0,0.0,11.583333333333334,8.0,5.0
5,27.41851006945275,-22.242978254627985,2.5227980108416865,0.1,11.583333333333334,0.0,0.0,11.583333333333334,8.0,5.0
