#META,"{""n_anchors"": 6, ""radius"": 35.0, ""true_pos"": [8.0, 5.0], ""bearing_kappa"": 100.0, ""anchor_gnss_sigma"": 3.0, ""outlier_prob"": 0.1, ""outlier_kappa"": 2.0, ""outlier_scale_deg"": 180.0, ""marker_size"": 2.0, ""sigma_map"": 1.5}"
id,anchor_x,anchor_y,bearing,sigma_theta,Sxx,Sxy,Syx,Syy,true_x,true_y
0,45.511667734643936,8.664441409425736,1.6547464397493687,0.1,11.583333333333334,0.0,0.0,11.583333333333334,8.0,5.0
1,22.100857067858975,34.70181318274347,0.5609021864266719,0.1,11.583333333333334,0.0,0.0,11.583333333333334,8.0,5.0
2,2.213835362792331,37.302912711452734,-0.5431585779369232,0.1,11.583333333333334,0.0,0.0,11.583333333333334,8.0,5.0
3,-34.29095946548363,8.461707270005274,-1.5481748939059852,0.1,11.583333333333334,0.0,0.0,11.583333333333334,8.0,5.0
4,-10.196795892163198,-17.099699211655278,-2.696477102513734,0.1,11.583333333333334,0.0,0.0,11.583333333333334,8.0,5.0
5,24.31825221271894,-18.92207755524311,2.706650684252427,0.1,11.583333333333334,0.0,0.0,11.583333333333334,8.0,5.0
