#META,"{""n_anchors"": 6, ""radius"": 35.0, ""true_pos"": [8.0, 5.0], ""sigma_theta_deg"": 0.5, ""anchor_sigma"": 0.015, ""outlier_prob"": 0.1, ""outlier_scale_deg"": 10.0, ""seed"": 64}"
id,anchor_x,anchor_y,bearing,is_outlier,sigma_theta,Sxx,Sxy,Syy,true_x,true_y
0,34.992162137408684,-0.002694506437491858,-0.19469403482987246,False,0.008726646259971648,0.000225,0.0,0.000225,8.0,5.0
1,17.478451922003035,30.320387935677562,1.2064626901254512,False,0.008726646259971648,0.000225,0.0,0.000225,8.0,5.0
2,-17.47975975865812,30.329461165254628,2.3507615549837446,False,0.008726646259971648,0.000225,0.0,0.000225,8.0,5.0
3,-35.01500405749785,-6.014203150816955e-05,-3.0191541223246623,False,0.008726646259971648,0.000225,0.0,0.000225,8.0,5.0
4,-17.504499144710085,-30.31649271801357,-2.196766002694485,False,0.008726646259971648,0.000225,0.0,0.000225,8.0,5.0
5,17.50387638651603,-30.32499313387865,-1.3313223389996551,True,0.008726646259971648,0.000225,0.0,0.000225,8.0,5.0
