#META,"{""n_anchors"": 6, ""radius"": 35.0, ""true_pos"": [8.0, 5.0], ""bearing_kappa"": 100.0, ""anchor_gnss_sigma"": 3.0, ""outlier_prob"": 0.1, ""outlier_kappa"": 2.0, ""outlier_scale_deg"": 180.0, ""marker_size"": 2.0, ""sigma_map"": 1.5}"
id,anchor_x,anchor_y,bearing,sigma_theta,Sxx,Sxy,Syx,Syy,true_x,true_y
0,46.44823155629221,4.270437334354875,1.523779658273817,0.1,11.583333333333334,0.0,0.0,11.583333333333334,8.0,5.0
1,26.961319816598316,35.61459848290059,0.422916345141239,0.1,11.583333333333334,0.0,0.0,11.583333333333334,8.0,5.0
2,-6.9301621170093615,33.90937741296815,-0.4344698461965013,0.1,11.583333333333334,0.0,0.0,11.583333333333334,8.0,5.0
3,-20.265415929069707,9.944863181660876,-1.4643682659595196,0.1,11.583333333333334,0.0,0.0,11.583333333333334,8.0,5.0
4,-6.444592116127002,-19.998223096441343,-2.599426101887916,0.1,11.583333333333334,0.0,0.0,11.583333333333334,8.0,5.0
5,26.407069360604357,-28.493016346793453,2.6355420865287194,0.1,11.583333333333334,0.0,0.0,11.583333333333334,8.0,5.0
