#META,"{""n_anchors"": 6, ""radius"": 35.0, ""true_pos"": [8.0, 5.0], ""sigma_theta_deg"": 0.5, ""anchor_sigma"": 0.015, ""outlier_prob"": 0.1, ""outlier_scale_deg"": 10.0, ""seed"": 113}"
id,anchor_x,anchor_y,bearing,is_outlier,sigma_theta,Sxx,Sxy,Syy,true_x,true_y
0,35.023908000911625,0.007913482145188182,-0.17709221067290803,False,0.008726646259971648,0.000225,0.0,0.000225,8.0,5.0
1,17.49911038815072,30.277342348028917,1.215418079918006,False,0.008726646259971648,0.000225,0.0,0.000225,8.0,5.0
2,-17.485176777428684,30.347691369457795,2.362333098669633,False,0.008726646259971648,0.000225,0.0,0.000225,8.0,5.0
3,-34.96276214448411,0.007497120234880332,-3.038937842541799,False,0.008726646259971648,0.000225,0.0,0.000225,8.0,5.0
4,-17.509201427338663,-30.29698365476727,-2.213355064863444,False,0.008726646259971648,0.000225,0.0,0.000225,8.0,5.0
5,17.469781094614763,-30.318137157562845,-1.3062800911789934,False,0.008726646259971648,0.000225,0.0,0.000225,8.0,5.0
