#META,"{""n_anchors"": 6, ""radius"": 35.0, ""true_pos"": [8.0, 5.0], ""bearing_kappa"": 100.0, ""anchor_gnss_sigma"": 3.0, ""outlier_prob"": 0.1, ""outlier_kappa"": 2.0, ""outlier_scale_deg"": 180.0, ""marker_size"": 2.0, ""sigma_map"": 1.5}"
id,anchor_x,anchor_y,bearing,sigma_theta,Sxx,Sxy,Syx,Syy,true_x,true_y
0,32.41842144690685,8.01099546567686,1.8826605543697212,0.1,11.583333333333334,0.0,0.0,11.583333333333334,8.0,5.0
1,27.00613515383784,40.11902647722604,0.1694333661235854,0.1,11.583333333333334,0.0,0.0,11.583333333333334,8.0,5.0
2,-14.353618969693335,40.089922597798925,-0.43452031485947096,0.1,11.583333333333334,0.0,0.0,11.583333333333334,8.0,5.0
3,-35.56665795602988,3.295812350099897,-1.5201986499832767,0.1,11.583333333333334,0.0,0.0,11.583333333333334,8.0,5.0
4,-8.872093271054949,-23.35365235209206,-2.4849152368336247,0.1,11.583333333333334,0.0,0.0,11.583333333333334,8.0,5.0
5,31.388923594098273,-31.50104365438876,2.567064663983164,0.1,11.583333333333334,0.0,0.0,11.583333333333334,8.0,5.0
