#META,"{""n_anchors"": 6, ""radius"": 35.0, ""true_pos"": [8.0, 5.0], ""sigma_theta_deg"": 0.5, ""anchor_sigma"": 0.015, ""outlier_prob"": 0.1, ""outlier_scale_deg"": 10.0, ""seed"": 56}"
id,anchor_x,anchor_y,bearing,is_outlier,sigma_theta,Sxx,Sxy,Syy,true_x,true_y
0,34.98725088923973,0.004829112721598235,-0.1828509588875229,False,0.008726646259971648,0.000225,0.0,0.000225,8.0,5.0
1,17.526835642896746,30.324079220398335,1.2017433522582301,False,0.008726646259971648,0.000225,0.0,0.000225,8.0,5.0
2,-17.494426107690696,30.333204539207575,2.3476023101968995,False,0.008726646259971648,0.000225,0.0,0.000225,8.0,5.0
3,-34.98907001705403,0.031218730915872572,-3.0158758446659975,False,0.008726646259971648,0.000225,0.0,0.000225,8.0,5.0
4,-17.520059021152807,-30.309008859176704,-2.2175825497255452,False,0.008726646259971648,0.000225,0.0,0.000225,8.0,5.0
5,17.5081633184567,-30.320996544590987,-1.3214205778259454,False,0.008726646259971648,0.000225,0.0,0.000225,8.0,5.0
