#META,"{""n_anchors"": 6, ""radius"": 35.0, ""true_pos"": [8.0, 5.0], ""sigma_theta_deg"": 0.5, ""anchor_sigma"": 0.015, ""outlier_prob"": 0.1, ""outlier_scale_deg"": 10.0, ""seed"": 42}"
id,anchor_x,anchor_y,bearing,is_outlier,sigma_theta,Sxx,Sxy,Syy,true_x,true_y
0,35.004570756196316,-0.015599761593607432,-0.18306275168876907,False,0.008726646259971648,0.000225,0.0,0.000225,8.0,5.0
1,17.511256767937102,30.32499760320122,1.221364879053981,False,0.008726646259971648,0.000225,0.0,0.000225,8.0,5.0
2,-17.5292655278298,30.29135643985242,2.3649555940450373,False,0.008726646259971648,0.000225,0.0,0.000225,8.0,5.0
3,-34.998082393952494,-0.0047436388851494465,-3.033218211807228,False,0.008726646259971648,0.000225,0.0,0.000225,8.0,5.0
4,-17.500252017362577,-30.323684791368947,-2.1928531749691915,False,0.008726646259971648,0.000225,0.0,0.000225,8.0,5.0
5,17.51319096962292,-30.29922225342393,-1.315917071198959,False,0.008726646259971648,0.000225,0.0,0.000225,8.0,5.0
