#META,"{""n_anchors"": 6, ""radius"": 35.0, ""true_pos"": [8.0, 5.0], ""sigma_theta_deg"": 0.5, ""anchor_sigma"": 0.015, ""outlier_prob"": 0.1, ""outlier_scale_deg"": 10.0, ""seed"": 57}"
id,anchor_x,anchor_y,bearing,is_outlier,sigma_theta,Sxx,Sxy,Syy,true_x,true_y
0,35.00497470213982,0.00690766467901403,-0.1783357256096929,False,0.008726646259971648,0.000225,0.0,0.000225,8.0,5.0
1,17.52336845184753,30.330897403295406,1.2175997373781318,False,0.008726646259971648,0.000225,0.0,0.000225,8.0,5.0
2,-17.49762713477419,30.316377326147478,2.350232098001995,False,0.008726646259971648,0.000225,0.0,0.000225,8.0,5.0
3,-35.01777933334644,-0.005927675578604068,-3.022871215650072,False,0.008726646259971648,0.000225,0.0,0.000225,8.0,5.0
4,-17.495199374454174,-30.299127186829637,-2.184572829671787,False,0.008726646259971648,0.000225,0.0,0.000225,8.0,5.0
5,17.4878551832602,-30.32330271235091,-1.3082431943186623,False,0.008726646259971648,0.000225,0.0,0.000225,8.0,5.0
