#META,"{""n_anchors"": 6, ""radius"": 35.0, ""true_pos"": [8.0, 5.0], ""bearing_kappa"": 100.0, ""anchor_gnss_sigma"": 3.0, ""outlier_prob"": 0.1, ""outlier_kappa"": 2.0, ""outlier_scale_deg"": 180.0, ""marker_size"": 2.0, ""sigma_map"": 1.5}"
id,anchor_x,anchor_y,bearing,sigma_theta,Sxx,Sxy,Syx,Syy,true_x,true_y
0,39.533426727211314,4.659141259072888,-2.7399889925184002,0.1,11.583333333333334,0.0,0.0,11.583333333333334,8.0,5.0
1,28.473784660122327,31.748539877315427,0.5255477196952296,0.1,11.583333333333334,0.0,0.0,11.583333333333334,8.0,5.0
2,-8.806434344760623,29.616081171953304,-0.7248920537475598,0.1,11.583333333333334,0.0,0.0,11.583333333333334,8.0,5.0
3,-29.211620299309978,3.7114056913556044,-1.5136639190983807,0.1,11.583333333333334,0.0,0.0,11.583333333333334,8.0,5.0
4,-5.477781277885012,-24.619066659769963,-2.69112227179935,0.1,11.583333333333334,0.0,0.0,11.583333333333334,8.0,5.0
5,21.0796143158127,-16.253610956435754,2.602515706183791,0.1,11.583333333333334,0.0,0.0,11.583333333333334,8.0,5.0
