#META,"{""n_anchors"": 6, ""radius"": 35.0, ""true_pos"": [8.0, 5.0], ""sigma_theta_deg"": 0.5, ""anchor_sigma"": 0.015, ""outlier_prob"": 0.1, ""outlier_scale_deg"": 10.0, ""seed"": 105}"
id,anchor_x,anchor_y,bearing,is_outlier,sigma_theta,Sxx,Sxy,Syy,true_x,true_y
0,34.999048186884714,0.01873819665275924,-0.1732839915294475,False,0.008726646259971648,0.000225,0.0,0.000225,8.0,5.0
1,17.529820168043322,30.310088507738538,1.2093094359699261,False,0.008726646259971648,0.000225,0.0,0.000225,8.0,5.0
2,-17.503587362988764,30.32681957722641,2.3515121265647903,False,0.008726646259971648,0.000225,0.0,0.000225,8.0,5.0
3,-34.99912300984116,0.012200946234234693,-3.027377708328715,False,0.008726646259971648,0.000225,0.0,0.000225,8.0,5.0
4,-17.475978815873486,-30.302486544981875,-2.2062377198340117,False,0.008726646259971648,0.000225,0.0,0.000225,8.0,5.0
5,17.51632441661145,-30.345845972335017,-1.3180119351722448,False,0.008726646259971648,0.000225,0.0,0.000225,8.0,5.0
