#META,"{""n_anchors"": 6, ""radius"": 35.0, ""true_pos"": [8.0, 5.0], ""bearing_kappa"": 100.0, ""anchor_gnss_sigma"": 3.0, ""outlier_prob"": 0.1, ""outlier_kappa"": 2.0, ""outlier_scale_deg"": 180.0, ""marker_size"": 2.0, ""sigma_map"": 1.5}"
id,anchor_x,anchor_y,bearing,sigma_theta,Sxx,Sxy,Syx,Syy,true_x,true_y
0,37.257284090482386,6.794286523443176,1.6131952367738034,0.1,11.583333333333334,0.0,0.0,11.583333333333334,8.0,5.0
1,21.0791324143172,24.24515891516425,0.6005201511477267,0.1,11.583333333333334,0.0,0.0,11.583333333333334,8.0,5.0
2,-15.891503759154997,39.17729793474469,-0.709738612040816,0.1,11.583333333333334,0.0,0.0,11.583333333333334,8.0,5.0
3,-23.516647084496487,6.4426368629577455,-1.6193463002760327,0.1,11.583333333333334,0.0,0.0,11.583333333333334,8.0,5.0
4,-14.948870669074477,-27.5510775893621,-2.6744644948067853,0.1,11.583333333333334,0.0,0.0,11.583333333333334,8.0,5.0
5,21.771652213236404,-25.459202609079156,2.594464829787233,0.1,11.583333333333334,0.0,0.0,11.583333333333334,8.0,5.0
