#META,"{""n_anchors"": 6, ""radius"": 35.0, ""true_pos"": [8.0, 5.0], ""bearing_kappa"": 100.0, ""anchor_gnss_sigma"": 3.0, ""outlier_prob"": 0.1, ""outlier_kappa"": 2.0, ""outlier_scale_deg"": 180.0, ""marker_size"": 2.0, ""sigma_map"": 1.5}"
id,anchor_x,anchor_y,bearing,sigma_theta,Sxx,Sxy,Syx,Syy,true_x,true_y
0,47.003831183655954,5.387062037890901,1.4862322963161132,0.1,11.583333333333334,0.0,0.0,11.583333333333334,8.0,5.0
1,15.253280618255328,38.70968720426794,0.5661232599111425,0.1,11.583333333333334,0.0,0.0,11.583333333333334,8.0,5.0
2,-16.090381213989616,39.9542084319987,-0.6819238883117258,0.1,11.583333333333334,0.0,0.0,11.583333333333334,8.0,5.0
3,-29.335066022657077,-0.5597381396840726,-1.711676565986763,0.1,11.583333333333334,0.0,0.0,11.583333333333334,8.0,5.0
4,-6.446102500651996,-30.78318503415667,-2.7874985348067884,0.1,11.583333333333334,0.0,0.0,11.583333333333334,8.0,5.0
5,27.643766000168945,-24.75682425418139,2.669431813977054,0.1,11.583333333333334,0.0,0.0,11.583333333333334,8.0,5.0
