#META,"{""n_anchors"": 6, ""radius"": 35.0, ""true_pos"": [8.0, 5.0], ""sigma_theta_deg"": 0.5, ""anchor_sigma"": 0.015, ""outlier_prob"": 0.1, ""outlier_scale_deg"": 10.0, ""seed"": 86}"
id,anchor_x,anchor_y,bearing,is_outlier,sigma_theta,Sxx,Sxy,Syy,true_x,true_y
0,34.97528136053223,-0.003819302318488609,-0.16943005632602848,False,0.008726646259971648,0.000225,0.0,0.000225,8.0,5.0
1,17.510062057205513,30.321732627093358,1.2123344210700662,False,0.008726646259971648,0.000225,0.0,0.000225,8.0,5.0
2,-17.512131094789485,30.318542447070165,2.3386137358725554,False,0.008726646259971648,0.000225,0.0,0.000225,8.0,5.0
3,-34.99407401892915,0.001656458398079585,-3.0154728627034615,False,0.008726646259971648,0.000225,0.0,0.000225,8.0,5.0
4,-17.496646152040984,-30.331058441896655,-2.1811793391037955,False,0.008726646259971648,0.000225,0.0,0.000225,8.0,5.0
5,17.497955151319708,-30.314163779221627,-1.3083670642876317,False,0.008726646259971648,0.000225,0.0,0.000225,8.0,5.0
