#META,"{""n_anchors"": 6, ""radius"": 35.0, ""true_pos"": [8.0, 5.0], ""sigma_theta_deg"": 0.5, ""anchor_sigma"": 0.015, ""outlier_prob"": 0.1, ""outlier_scale_deg"": 10.0, ""seed"": 137}"
id,anchor_x,anchor_y,bearing,is_outlier,sigma_theta,Sxx,Sxy,Syy,true_x,true_y
0,34.987401802274256,-0.010982517513404774,-0.18666188184658372,False,0.008726646259971648,0.000225,0.0,0.000225,8.0,5.0
1,17.490597235888696,30.3109828888332,1.2117188282366396,False,0.008726646259971648,0.000225,0.0,0.000225,8.0,5.0
2,-17.508555768687355,30.29577461321975,2.3688340751177703,False,0.008726646259971648,0.000225,0.0,0.000225,8.0,5.0
3,-34.996638049866995,-0.010212083119796302,-3.048262611745694,False,0.008726646259971648,0.000225,0.0,0.000225,8.0,5.0
4,-17.529637724207586,-30.28150961699107,-2.2044990307894854,False,0.008726646259971648,0.000225,0.0,0.000225,8.0,5.0
5,17.524291269639406,-30.326593458807842,-1.306006166374553,False,0.008726646259971648,0.000225,0.0,0.000225,8.0,5.0
