#META,"{""n_anchors"": 6, ""radius"": 35.0, ""true_pos"": [8.0, 5.0], ""bearing_kappa"": 100.0, ""anchor_gnss_sigma"": 3.0, ""outlier_prob"": 0.1, ""outlier_kappa"": 2.0, ""outlier_scale_deg"": 180.0, ""marker_size"": 2.0, ""sigma_map"": 1.5}"
id,anchor_x,anchor_y,bearing,sigma_theta,Sxx,Sxy,Syx,Syy,true_x,true_y
0,45.53560970539422,3.661414750770343,1.6340123909446458,0.1,11.583333333333334,0.0,0.0,11.583333333333334,8.0,5.0
1,22.620509448013056,34.206312498412586,0.46577001379201377,0.1,11.583333333333334,0.0,0.0,11.583333333333334,8.0,5.0
2,-8.6392516714477,38.87622330488587,-0.44260699841663254,0.1,11.583333333333334,0.0,0.0,11.583333333333334,8.0,5.0
3,-34.729431350719544,-0.9879389039302495,-1.5777577908989429,0.1,11.583333333333334,0.0,0.0,11.583333333333334,8.0,5.0
4,-9.265408385919681,-20.380141065965912,-2.658063166147432,0.1,11.583333333333334,0.0,0.0,11.583333333333334,8.0,5.0
5,27.41553102981782,-23.710210654170407,2.377747717215473,0.1,11.583333333333334,0.0,0.0,11.583333333333334,8.0,5.0
