#META,"{""n_anchors"": 6, ""radius"": 35.0, ""true_pos"": [8.0, 5.0], ""sigma_theta_deg"": 0.5, ""anchor_sigma"": 0.015, ""outlier_prob"": 0.1, ""outlier_scale_deg"": 10.0, ""seed"": 97}"
id,anchor_x,anchor_y,bearing,is_outlier,sigma_theta,Sxx,Sxy,Syy,true_x,true_y
0,34.996092682542695,0.01740021117669369,-0.18720216432630865,False,0.008726646259971648,0.000225,0.0,0.000225,8.0,5.0
1,17.493611424914153,30.296114054758252,1.1966693537171018,False,0.008726646259971648,0.000225,0.0,0.000225,8.0,5.0
2,-17.51908260730678,30.297101003492806,1.9885976202319764,True,0.008726646259971648,0.000225,0.0,0.000225,8.0,5.0
3,-35.007286822614496,-0.020248558685121223,-3.0188742052625877,False,0.008726646259971648,0.000225,0.0,0.000225,8.0,5.0
4,-17.484877650745794,-30.330845814315072,-2.195077346185697,False,0.008726646259971648,0.000225,0.0,0.000225,8.0,5.0
5,17.516245051636965,-30.317795099116612,-1.4383050241241362,True,0.008726646259971648,0.000225,0.0,0.000225,8.0,5.0
