#META,"{""n_anchors"": 6, ""radius"": 35.0, ""true_pos"": [8.0, 5.0], ""bearing_kappa"": 100.0, ""anchor_gnss_sigma"": 3.0, ""outlier_prob"": 0.1, ""outlier_kappa"": 2.0, ""outlier_scale_deg"": 180.0, ""marker_size"": 2.0, ""sigma_map"": 1.5}"
id,anchor_x,anchor_y,bearing,sigma_theta,Sxx,Sxy,Syx,Syy,true_x,true_y
0,42.89174534744598,-0.10005240308995855,1.726393918736309,0.1,11.583333333333334,0.0,0.0,11.583333333333334,8.0,5.0
1,27.254894741237834,31.882269017006823,0.5321064246029579,0.1,11.583333333333334,0.0,0.0,11.583333333333334,8.0,5.0
2,-12.761155909902493,35.269581703830006,-0.5318124706111504,0.1,11.583333333333334,0.0,0.0,11.583333333333334,8.0,5.0
3,-26.978940593913954,2.641173872914309,-1.5265211309663247,0.1,11.583333333333334,0.0,0.0,11.583333333333334,8.0,5.0
4,-8.445790497714766,-14.61141928855348,-2.39005720859401,0.1,11.583333333333334,0.0,0.0,11.583333333333334,8.0,5.0
5,29.95427016028907,-19.88452357023761,2.5114294040611913,0.1,11.583333333333334,0.0,0.0,11.583333333333334,8.0,5.0
