#META,"{""n_anchors"": 6, ""radius"": 35.0, ""true_pos"": [8.0, 5.0], ""bearing_kappa"": 100.0, ""anchor_gnss_sigma"": 3.0, ""outlier_prob"": 0.1, ""outlier_kappa"": 2.0, ""outlier_scale_deg"": 180.0, ""marker_size"": 2.0, ""sigma_map"": 1.5}"
id,anchor_x,anchor_y,bearing,sigma_theta,Sxx,Sxy,Syx,Syy,true_x,true_y
0,44.17184327680121,10.532024677388655,1.5610262925916416,0.1,11.583333333333334,0.0,0.0,11.583333333333334,8.0,5.0
1,24.72598827121999,29.290578174530843,0.9251313244334405,0.1,11.583333333333334,0.0,0.0,11.583333333333334,8.0,5.0
2,-10.345219271420532,28.38381228572894,-0.45364559447232544,0.1,11.583333333333334,0.0,0.0,11.583333333333334,8.0,5.0
3,-28.02423737811235,9.400297324147113,-1.6076538414432884,0.1,11.583333333333334,0.0,0.0,11.583333333333334,8.0,5.0
4,-6.584544316999624,-25.310231062529517,-2.6411133801033904,0.1,11.583333333333334,0.0,0.0,11.583333333333334,8.0,5.0
5,23.02363849899111,-16.86682718854075,2.677249072012957,0.1,11.583333333333334,0.0,0.0,11.583333333333334,8.0,5.0
