#META,"{""n_anchors"": 6, ""radius"": 35.0, ""true_pos"": [8.0, 5.0], ""sigma_theta_deg"": 0.5, ""anchor_sigma"": 0.015, ""outlier_prob"": 0.1, ""outlier_scale_deg"": 10.0, ""seed"": 122}"
id,anchor_x,anchor_y,bearing,is_outlier,sigma_theta,Sxx,Sxy,Syy,true_x,true_y
0,34.97306654804177,-0.0070574607669467385,-0.3953757924647521,True,0.008726646259971648,0.000225,0.0,0.000225,8.0,5.0
1,17.50032821411549,30.32649158051896,1.210441676537359,False,0.008726646259971648,0.000225,0.0,0.000225,8.0,5.0
2,-17.515268462005846,30.30937076973972,2.3413054322767444,False,0.008726646259971648,0.000225,0.0,0.000225,8.0,5.0
3,-35.00306102403079,-0.002582303196505426,-3.025723381261784,False,0.008726646259971648,0.000225,0.0,0.000225,8.0,5.0
4,-17.50972378976692,-30.306706559668175,-2.185213044495674,False,0.008726646259971648,0.000225,0.0,0.000225,8.0,5.0
5,17.503205420449035,-30.30769407710352,-1.327054477249161,False,0.008726646259971648,0.000225,0.0,0.000225,8.0,5.0
