#META,"{""n_anchors"": 6, ""radius"": 35.0, ""true_pos"": [8.0, 5.0], ""sigma_theta_deg"": 0.5, ""anchor_sigma"": 0.015, ""outlier_prob"": 0.1, ""outlier_scale_deg"": 10.0, ""seed"": 99}"
id,anchor_x,anchor_y,bearing,is_outlier,sigma_theta,Sxx,Sxy,Syy,true_x,true_y
0,35.00123741456426,-0.006966276224313283,-0.17555838726002326,False,0.008726646259971648,0.000225,0.0,0.000225,8.0,5.0
1,17.500757725944624,30.32118259475057,1.2948688904558017,True,0.008726646259971648,0.000225,0.0,0.000225,8.0,5.0
2,-17.526351857583677,30.33615560647245,2.362800751295115,False,0.008726646259971648,0.000225,0.0,0.000225,8.0,5.0
3,-35.00686764258896,-0.00894630141907893,-3.0174849743950785,False,0.008726646259971648,0.000225,0.0,0.000225,8.0,5.0
4,-17.51570451343425,-30.296912252113422,-2.2043772144417697,False,0.008726646259971648,0.000225,0.0,0.000225,8.0,5.0
5,17.51012470725367,-30.292222514428335,-1.3079809275795198,False,0.008726646259971648,0.000225,0.0,0.000225,8.0,5.0
