#META,"{""n_anchors"": 6, ""radius"": 35.0, ""true_pos"": [8.0, 5.0], ""sigma_theta_deg"": 0.5, ""anchor_sigma"": 0.015, ""outlier_prob"": 0.1, ""outlier_scale_deg"": 10.0, ""seed"": 109}"
id,anchor_x,anchor_y,bearing,is_outlier,sigma_theta,Sxx,Sxy,Syy,true_x,true_y
0,35.01249710520027,0.016766953384602934,-0.1818528260554353,False,0.008726646259971648,0.000225,0.0,0.000225,8.0,5.0
1,17.50001199455479,30.291918383831046,1.2057519766106761,False,0.008726646259971648,0.000225,0.0,0.000225,8.0,5.0
2,-17.48874399730186,30.316732756237293,2.3487564154016267,False,0.008726646259971648,0.000225,0.0,0.000225,8.0,5.0
3,-35.003525169137895,-0.0007873142367831646,-3.0265157144640713,False,0.008726646259971648,0.000225,0.0,0.000225,8.0,5.0
4,-17.503380876173026,-30.30633360256967,-2.1884115933662054,False,0.008726646259971648,0.000225,0.0,0.000225,8.0,5.0
5,17.50354391751811,-30.32408583335113,-1.3725595641079629,True,0.008726646259971648,0.000225,0.0,0.000225,8.0,5.0
