#META,"{""n_anchors"": 6, ""radius"": 35.0, ""true_pos"": [8.0, 5.0], ""sigma_theta_deg"": 0.5, ""anchor_sigma"": 0.015, ""outlier_prob"": 0.1, ""outlier_scale_deg"": 10.0, ""seed"": 72}"
id,anchor_x,anchor_y,bearing,is_outlier,sigma_theta,Sxx,Sxy,Syy,true_x,true_y
0,34.98495010805399,-0.0004244654872677038,-0.17906622478647405,False,0.008726646259971648,0.000225,0.0,0.000225,8.0,5.0
1,17.508785403091,30.285582881589537,1.2176756200972854,False,0.008726646259971648,0.000225,0.0,0.000225,8.0,5.0
2,-17.520957486865175,30.296523876660807,2.3598404251382963,False,0.008726646259971648,0.000225,0.0,0.000225,8.0,5.0
3,-34.98495820238658,0.016691299604230266,-3.0434388867459683,False,0.008726646259971648,0.000225,0.0,0.000225,8.0,5.0
4,-17.49518849282802,-30.304162927462855,-2.1939797334391877,False,0.008726646259971648,0.000225,0.0,0.000225,8.0,5.0
5,17.49091523502148,-30.328515682515807,-1.3072700357145428,False,0.008726646259971648,0.000225,0.0,0.000225,8.0,5.0
