#META,"{""n_anchors"": 6, ""radius"": 35.0, ""true_pos"": [8.0, 5.0], ""bearing_kappa"": 100.0, ""anchor_gnss_sigma"": 3.0, ""outlier_prob"": 0.1, ""outlier_kappa"": 2.0, ""outlier_scale_deg"": 180.0, ""marker_size"": 2.0, ""sigma_map"": 1.5}"
id,anchor_x,anchor_y,bearing,sigma_theta,Sxx,Sxy,Syx,Syy,true_x,true_y
0,43.12542007685665,11.58326131313693,1.4476238477798766,0.1,11.583333333333334,0.0,0.0,11.583333333333334,8.0,5.0
1,21.955132490793506,40.92517044223322,0.5991476595650869,0.1,11.583333333333334,0.0,0.0,11.583333333333334,8.0,5.0
2,-5.973960882549654,35.50719261097458,-0.44481534787975363,0.1,11.583333333333334,0.0,0.0,11.583333333333334,8.0,5.0
3,-23.30725503422715,4.238138171637845,-1.7103529337803822,0.1,11.583333333333334,0.0,0.0,11.583333333333334,8.0,5.0
4,-4.4277427713473285,-26.09211551146021,-2.823854973868892,0.1,11.583333333333334,0.0,0.0,11.583333333333334,8.0,5.0
5,23.927555613299127,-29.60775868358619,2.5781659366232494,0.1,11.583333333333334,0.0,0.0,11.583333333333334,8.0,5.0
