#META,"{""n_anchors"": 6, ""radius"": 35.0, ""true_pos"": [8.0, 5.0], ""sigma_theta_deg"": 0.5, ""anchor_sigma"": 0.015, ""outlier_prob"": 0.1, ""outlier_scale_deg"": 10.0, ""seed"": 46}"
id,anchor_x,anchor_y,bearing,is_outlier,sigma_theta,Sxx,Sxy,Syy,true_x,true_y
0,34.99245626150096,0.018268356556316315,-0.04432720534127599,True,0.008726646259971648,0.000225,0.0,0.000225,8.0,5.0
1,17.495933208895682,30.32184188231494,1.2028296076009255,False,0.008726646259971648,0.000225,0.0,0.000225,8.0,5.0
2,-17.51753958275494,30.28944712896231,2.362742746061672,False,0.008726646259971648,0.000225,0.0,0.000225,8.0,5.0
3,-35.000349091729944,-0.006716888007936335,-3.01068514441341,False,0.008726646259971648,0.000225,0.0,0.000225,8.0,5.0
4,-17.49867887287997,-30.303009698560246,-2.196371200485369,False,0.008726646259971648,0.000225,0.0,0.000225,8.0,5.0
5,17.504742697220205,-30.316258732353237,-1.318298128772972,False,0.008726646259971648,0.000225,0.0,0.000225,8.0,5.0
