#META,"{""n_anchors"": 6, ""radius"": 35.0, ""true_pos"": [8.0, 5.0], ""bearing_kappa"": 100.0, ""anchor_gnss_sigma"": 3.0, ""outlier_prob"": 0.1, ""outlier_kappa"": 2.0, ""outlier_scale_deg"": 180.0, ""marker_size"": 2.0, ""sigma_map"": 1.5}"
id,anchor_x,anchor_y,bearing,sigma_theta,Sxx,Sxy,Syx,Syy,true_x,true_y
0,45.853998947473684,7.553562506253652,1.4553421044972534,0.1,11.583333333333334,0.0,0.0,11.583333333333334,8.0,5.0
1,21.38565186931465,27.84817618400374,0.5539712215946064,0.1,11.583333333333334,0.0,0.0,11.583333333333334,8.0,5.0
2,-3.3543900120473236,25.18198495723005,-0.28726925539701753,0.1,11.583333333333334,0.0,0.0,11.583333333333334,8.0,5.0
3,-24.910978269096105,0.8216624235564733,1.100079335240899,0.1,11.583333333333334,0.0,0.0,11.583333333333334,8.0,5.0
4,-6.276780995447365,-25.068176914959132,-2.515422940217432,0.1,11.583333333333334,0.0,0.0,11.583333333333334,8.0,5.0
5,24.76585399822941,-25.244258085974245,2.4282616806537582,0.1,11.583333333333334,0.0,0.0,11.583333333333334,8.0,5.0
