#META,"{""n_anchors"": 6, ""radius"": 35.0, ""true_pos"": [8.0, 5.0], ""sigma_theta_deg"": 0.5, ""anchor_sigma"": 0.015, ""outlier_prob"": 0.1, ""outlier_scale_deg"": 10.0, ""seed"": 92}"
id,anchor_x,anchor_y,bearing,is_outlier,sigma_theta,Sxx,Sxy,Syy,true_x,true_y
0,34.963351912660464,-0.015171861341853292,-0.1782947293180306,False,0.008726646259971648,0.000225,0.0,0.000225,8.0,5.0
1,17.47976232115157,30.29065665559275,1.2103858438302595,False,0.008726646259971648,0.000225,0.0,0.000225,8.0,5.0
2,-17.506232719133422,30.327396639149452,2.347396340825032,False,0.008726646259971648,0.000225,0.0,0.000225,8.0,5.0
3,-35.0111582756837,-0.0005636671626337555,-3.0332063879890963,False,0.008726646259971648,0.000225,0.0,0.000225,8.0,5.0
4,-17.503765679767785,-30.31401391214264,-2.199959260193509,False,0.008726646259971648,0.000225,0.0,0.000225,8.0,5.0
5,17.49409488132607,-30.289681278014346,-1.3113615454802343,False,0.008726646259971648,0.000225,0.0,0.000225,8.0,5.0
