#META,"{""n_anchors"": 6, ""radius"": 35.0, ""true_pos"": [8.0, 5.0], ""bearing_kappa"": 100.0, ""anchor_gnss_sigma"": 3.0, ""outlier_prob"": 0.1, ""outlier_kappa"": 2.0, ""outlier_scale_deg"": 180.0, ""marker_size"": 2.0, ""sigma_map"": 1.5}"
id,anchor_x,anchor_y,bearing,sigma_theta,Sxx,Sxy,Syx,Syy,true_x,true_y
0,42.31762198601316,10.643158560396154,1.5748760335187217,0.1,11.583333333333334,0.0,0.0,11.583333333333334,8.0,5.0
1,25.961971262806053,35.20953490774726,0.47656894479902556,0.1,11.583333333333334,0.0,0.0,11.583333333333334,8.0,5.0
2,-14.387636888828686,32.33877671560107,-0.5247751794084543,0.1,11.583333333333334,0.0,0.0,11.583333333333334,8.0,5.0
3,-32.64494853357177,-3.1329455517709652,-1.6004126979626738,0.1,11.583333333333334,0.0,0.0,11.583333333333334,8.0,5.0
4,-10.666599356186378,-19.01647041950649,-2.348638764910728,0.1,11.583333333333334,0.0,0.0,11.583333333333334,8.0,5.0
5,28.694245844421907,-33.93883455393624,2.675328494130058,0.1,11.583333333333334,0.0,0.0,11.583333333333334,8.0,5.0
