#META,"{""n_anchors"": 6, ""radius"": 35.0, ""true_pos"": [8.0, 5.0], ""sigma_theta_deg"": 0.5, ""anchor_sigma"": 0.015, ""outlier_prob"": 0.1, ""outlier_scale_deg"": 10.0, ""seed"": 110}"
id,anchor_x,anchor_y,bearing,is_outlier,sigma_theta,Sxx,Sxy,Syy,true_x,true_y
0,35.00377798339535,0.0020412616665433374,-0.17520272452683372,False,0.008726646259971648,0.000225,0.0,0.000225,8.0,5.0
1,17.51857874277065,30.310413045917738,1.2095032118667213,False,0.008726646259971648,0.000225,0.0,0.000225,8.0,5.0
2,-17.519770480530813,30.310750274074543,2.3550003744307126,False,0.008726646259971648,0.000225,0.0,0.000225,8.0,5.0
3,-34.99219751549709,0.01811905575524727,-3.0281761164971286,False,0.008726646259971648,0.000225,0.0,0.000225,8.0,5.0
4,-17.471854668617137,-30.331208622882166,-2.2059681844066263,False,0.008726646259971648,0.000225,0.0,0.000225,8.0,5.0
5,17.491436609289064,-30.313275961805026,-1.3136904721622116,False,0.008726646259971648,0.000225,0.0,0.000225,8.0,5.0
