#META,"{""n_anchors"": 6, ""radius"": 35.0, ""true_pos"": [8.0, 5.0], ""bearing_kappa"": 100.0, ""anchor_gnss_sigma"": 3.0, ""outlier_prob"": 0.1, ""outlier_kappa"": 2.0, ""outlier_scale_deg"": 180.0, ""marker_size"": 2.0, ""sigma_map"": 1.5}"
id,anchor_x,anchor_y,bearing,sigma_theta,Sxx,Sxy,Syx,Syy,true_x,true_y
0,50.76635483268534,5.915707847833585,1.5148418995985713,0.1,11.583333333333334,0.0,0.0,11.583333333333334,8.0,5.0
1,21.62030453603573,27.55471537417594,0.7223416236244633,0.1,11.583333333333334,0.0,0.0,11.583333333333334,8.0,5.0
2,-17.748743495989217,44.49487931604164,-0.6105276832952278,0.1,11.583333333333334,0.0,0.0,11.583333333333334,8.0,5.0
3,-20.55663723858682,8.093457250334955,-1.340231642904703,0.1,11.583333333333334,0.0,0.0,11.583333333333334,8.0,5.0
4,-10.708412673349242,-24.258712475571915,-2.610825852083334,0.1,11.583333333333334,0.0,0.0,11.583333333333334,8.0,5.0
5,31.95831497538895,-19.63734948289059,2.7506683415151185,0.1,11.583333333333334,0.0,0.0,11.583333333333334,8.0,5.0
