#META,"{""n_anchors"": 6, ""radius"": 35.0, ""true_pos"": [8.0, 5.0], ""sigma_theta_deg"": 0.5, ""anchor_sigma"": 0.015, ""outlier_prob"": 0.1, ""outlier_scale_deg"": 10.0, ""seed"": 103}"
id,anchor_x,anchor_y,bearing,is_outlier,sigma_theta,Sxx,Sxy,Syy,true_x,true_y
0,35.0165502204375,-0.0191967618596267,-0.188615974771694,False,0.008726646259971648,0.000225,0.0,0.000225,8.0,5.0
1,17.50972228669015,30.29289542581495,1.217658006868887,False,0.008726646259971648,0.000225,0.0,0.000225,8.0,5.0
2,-17.48392298952826,30.287548059431693,2.352964497827571,False,0.008726646259971648,0.000225,0.0,0.000225,8.0,5.0
3,-35.010657964445514,-0.009099912949117115,-2.733066916007758,True,0.008726646259971648,0.000225,0.0,0.000225,8.0,5.0
4,-17.531579838611037,-30.298097526471103,-2.197215559312559,False,0.008726646259971648,0.000225,0.0,0.000225,8.0,5.0
5,17.476729200853825,-30.330498050638113,-1.3112566340360652,False,0.008726646259971648,0.000225,0.0,0.000225,8.0,5.0
