#META,"{""n_anchors"": 6, ""radius"": 35.0, ""true_pos"": [8.0, 5.0], ""bearing_kappa"": 100.0, ""anchor_gnss_sigma"": 3.0, ""outlier_prob"": 0.1, ""outlier_kappa"": 2.0, ""outlier_scale_deg"": 180.0, ""marker_size"": 2.0, ""sigma_map"": 1.5}"
id,anchor_x,anchor_y,bearing,sigma_theta,Sxx,Sxy,Syx,Syy,true_x,true_y
0,44.59195587121329,5.451052049559856,1.5018922788426012,0.1,11.583333333333334,0.0,0.0,11.583333333333334,8.0,5.0
1,24.254885515665723,30.1841201307186,0.6369411408889167,0.1,11.583333333333334,0.0,0.0,11.583333333333334,8.0,5.0
2,-16.259547370849518,27.314887195951677,-0.5417340193562001,0.1,11.583333333333334,0.0,0.0,11.583333333333334,8.0,5.0
3,-19.613351525546058,5.619789488893947,-1.68818163188182,0.1,11.583333333333334,0.0,0.0,11.583333333333334,8.0,5.0
4,-9.276492372288594,-19.422015572918763,-2.708731153025985,0.1,11.583333333333334,0.0,0.0,11.583333333333334,8.0,5.0
5,22.973808197266276,-28.22435711102752,2.7417212652736005,0.1,11.583333333333334,0.0,0.0,11.583333333333334,8.0,5.0
