#META,"{""n_anchors"": 6, ""radius"": 35.0, ""true_pos"": [8.0, 5.0], ""sigma_theta_deg"": 0.5, ""anchor_sigma"": 0.015, ""outlier_prob"": 0.1, ""outlier_scale_deg"": 10.0, ""seed"": 49}"
id,anchor_x,anchor_y,bearing,is_outlier,sigma_theta,Sxx,Sxy,Syy,true_x,true_y
0,35.0085598402037,0.020739122129969794,-0.16102981890682866,False,0.008726646259971648,0.000225,0.0,0.000225,8.0,5.0
1,17.503582806370435,30.288098638932606,1.4751078705573395,True,0.008726646259971648,0.000225,0.0,0.000225,8.0,5.0
2,-17.498197548650484,30.312524745232455,2.367619222758406,False,0.008726646259971648,0.000225,0.0,0.000225,8.0,5.0
3,-35.00882007095732,-0.024567717230838025,-3.020908496199223,False,0.008726646259971648,0.000225,0.0,0.000225,8.0,5.0
4,-17.5010533050353,-30.339632593336344,-1.9311120692695627,True,0.008726646259971648,0.000225,0.0,0.000225,8.0,5.0
5,17.49748037537111,-30.31113079869745,-1.3105196718901606,False,0.008726646259971648,0.000225,0.0,0.000225,8.0,5.0
