#META,"{""n_anchors"": 6, ""radius"": 35.0, ""true_pos"": [8.0, 5.0], ""bearing_kappa"": 100.0, ""anchor_gnss_sigma"": 3.0, ""outlier_prob"": 0.1, ""outlier_kappa"": 2.0, ""outlier_scale_deg"": 180.0, ""marker_size"": 2.0, ""sigma_map"": 1.5}"
id,anchor_x,anchor_y,bearing,sigma_theta,Sxx,Sxy,Syx,Syy,true_x,true_y
0,46.29092793754504,1.154039185066427,1.4341577132889203,0.1,11.583333333333334,0.0,0.0,11.583333333333334,8.0,5.0
1,23.21024026147453,31.69172720215511,0.4430531796488788,0.1,11.583333333333334,0.0,0.0,11.583333333333334,8.0,5.0
2,-8.931666832973784,30.539890172785665,-0.3891685675001497,0.1,11.583333333333334,0.0,0.0,11.583333333333334,8.0,5.0
3,-31.93241680061326,0.2748281768911527,-1.535169698400427,0.1,11.583333333333334,0.0,0.0,11.583333333333334,8.0,5.0
4,-4.537155803497306,-34.083185806533095,-2.731569837753538,0.1,11.583333333333334,0.0,0.0,11.583333333333334,8.0,5.0
5,24.70849126512855,-15.909253173093793,2.3372996916380444,0.1,11.583333333333334,0.0,0.0,11.583333333333334,8.0,5.0
