#META,"{""n_anchors"": 6, ""radius"": 35.0, ""true_pos"": [8.0, 5.0], ""sigma_theta_deg"": 0.5, ""anchor_sigma"": 0.015, ""outlier_prob"": 0.1, ""outlier_scale_deg"": 10.0, ""seed"": 54}"
id,anchor_x,anchor_y,bearing,is_outlier,sigma_theta,Sxx,Sxy,Syy,true_x,true_y
0,34.9854315301071,-0.0029594963427929583,-0.18591439509878827,False,0.008726646259971648,0.000225,0.0,0.000225,8.0,5.0
1,17.518675062429963,30.337121469212928,1.204354910367159,False,0.008726646259971648,0.000225,0.0,0.000225,8.0,5.0
2,-17.507741086060367,30.33031694174805,2.3576404355522875,False,0.008726646259971648,0.000225,0.0,0.000225,8.0,5.0
3,-35.008501849434836,0.0008085162471526672,-3.02523248340042,False,0.008726646259971648,0.000225,0.0,0.000225,8.0,5.0
4,-17.4839051527255,-30.31581672602112,-2.2098962033326592,False,0.008726646259971648,0.000225,0.0,0.000225,8.0,5.0
5,17.535588546802632,-30.34891067769079,-1.3569762763611681,True,0.008726646259971648,0.000225,0.0,0.000225,8.0,5.0
