#META,"{""n_anchors"": 6, ""radius"": 35.0, ""true_pos"": [8.0, 5.0], ""bearing_kappa"": 100.0, ""anchor_gnss_sigma"": 3.0, ""outlier_prob"": 0.1, ""outlier_kappa"": 2.0, ""outlier_scale_deg"": 180.0, ""marker_size"": 2.0, ""sigma_map"": 1.5}"
id,anchor_x,anchor_y,bearing,sigma_theta,Sxx,Sxy,Syx,Syy,true_x,true_y
0,38.76160762654879,12.268332476447686,1.6665387965976377,0.1,11.583333333333334,0.0,0.0,11.583333333333334,8.0,5.0
1,25.283208614070528,38.84923500085709,0.3598903588099942,0.1,11.583333333333334,0.0,0.0,11.583333333333334,8.0,5.0
2,-8.94096493225648,31.55625142751002,-1.4430492341108012,0.1,11.583333333333334,0.0,0.0,11.583333333333334,8.0,5.0
3,-36.97031702648112,6.041251052386764,-1.715117873239448,0.1,11.583333333333334,0.0,0.0,11.583333333333334,8.0,5.0
4,-15.194878546557009,-29.052114245997362,-2.6026775351811917,0.1,11.583333333333334,0.0,0.0,11.583333333333334,8.0,5.0
5,24.486294364518162,-21.900333460219233,2.695434732037474,0.1,11.583333333333334,0.0,0.0,11.583333333333334,8.0,5.0
