#META,"{""n_anchors"": 6, ""radius"": 35.0, ""true_pos"": [8.0, 5.0], ""bearing_kappa"": 100.0, ""anchor_gnss_sigma"": 3.0, ""outlier_prob"": 0.1, ""outlier_kappa"": 2.0, ""outlier_scale_deg"": 180.0, ""marker_size"": 2.0, ""sigma_map"": 1.5}"
id,anchor_x,anchor_y,bearing,sigma_theta,Sxx,Sxy,Syx,Syy,true_x,true_y
0,49.715429245737454,7.098162916016214,0.7988947352472016,0.1,11.583333333333334,0.0,0.0,11.583333333333334,8.0,5.0
1,27.82911148824549,30.30640072569123,0.5766889560030872,0.1,11.583333333333334,0.0,0.0,11.583333333333334,8.0,5.0
2,-14.321874579436384,29.245589319239482,-0.739394149331364,0.1,11.583333333333334,0.0,0.0,11.583333333333334,8.0,5.0
3,-29.15329581308071,10.54977757212961,-1.6304535914341187,0.1,11.583333333333334,0.0,0.0,11.583333333333334,8.0,5.0
4,-5.567253179642011,-23.343720786404813,-2.6056084438371423,0.1,11.583333333333334,0.0,0.0,11.583333333333334,8.0,5.0
5,25.765767425704595,-24.17643525429325,2.6315106438387135,0.1,11.583333333333334,0.0,0.0,11.583333333333334,8.0,5.0
