#META,"{""n_anchors"": 6, ""radius"": 35.0, ""true_pos"": [8.0, 5.0], ""bearing_kappa"": 100.0, ""anchor_gnss_sigma"": 3.0, ""outlier_prob"": 0.1, ""outlier_kappa"": 2.0, ""outlier_scale_deg"": 180.0, ""marker_size"": 2.0, ""sigma_map"": 1.5}"
id,anchor_x,anchor_y,bearing,sigma_theta,Sxx,Sxy,Syx,Syy,true_x,true_y
0,47.25062509332887,-3.8317529367857044,1.6220122100665373,0.1,11.583333333333334,0.0,0.0,11.583333333333334,8.0,5.0
1,22.139105142868374,30.514110278540844,0.5346864957004378,0.1,11.583333333333334,0.0,0.0,11.583333333333334,8.0,5.0
2,-1.0514966974333761,34.27188796998809,-0.6369384196433607,0.1,11.583333333333334,0.0,0.0,11.583333333333334,8.0,5.0
3,-23.31507975588815,4.03772616824532,-1.6532971815524178,0.1,11.583333333333334,0.0,0.0,11.583333333333334,8.0,5.0
4,-9.883219378702083,-27.635405148397712,-2.6810831579436396,0.1,11.583333333333334,0.0,0.0,11.583333333333334,8.0,5.0
5,25.755080156704146,-30.796828836721538,2.5712208136549677,0.1,11.583333333333334,0.0,0.0,11.583333333333334,8.0,5.0
