#META,"{""n_anchors"": 6, ""radius"": 35.0, ""true_pos"": [8.0, 5.0], ""sigma_theta_deg"": 0.5, ""anchor_sigma"": 0.015, ""outlier_prob"": 0.1, ""outlier_scale_deg"": 10.0, ""seed"": 69}"
id,anchor_x,anchor_y,bearing,is_outlier,sigma_theta,Sxx,Sxy,Syy,true_x,true_y
0,35.01071464753707,0.0050790261727033294,-0.17665943221365588,False,0.008726646259971648,0.000225,0.0,0.000225,8.0,5.0
1,17.539925554846445,30.295967302038253,1.1900156628503815,True,0.008726646259971648,0.000225,0.0,0.000225,8.0,5.0
2,-17.523923145297797,30.326526221265194,2.4827079269936494,True,0.008726646259971648,0.000225,0.0,0.000225,8.0,5.0
3,-34.98536326409657,-0.008209719993678744,-3.029101311382483,False,0.008726646259971648,0.000225,0.0,0.000225,8.0,5.0
4,-17.50122118477749,-30.316047820858504,-2.1865146257107035,False,0.008726646259971648,0.000225,0.0,0.000225,8.0,5.0
5,17.508149085953455,-30.317306596485444,-1.3037128316354591,False,0.008726646259971648,0.000225,0.0,0.000225,8.0,5.0
